IGH chains,IGK chains,Total sequencing reads,TRD chains,Successfully aligned reads,Alignment failed because of absence of CDR3 parts,Output file(s),Version,Alignment-aided overlaps,Input file(s),Alignment failed because of low total score,"TRA,TRD chains",chains,TRG chains,TRB chains,"Alignment failed, no hits (not TCR/IG?)",IGL chains,TRA chains,SampleID,Percent Aligned Reads,
27,5,2500000,103,251384,1548025, /mnt/work1/users/pughlab/projects/TLML/downsampling/dna/16_08_TLML-001-AT_A_B_genomic_ACCTCCAA_S21_2500000.vdjca," 2.1.12,repseqio.v1.5",5460,"16_08_TLML-001-AT_A_B_genomic_ACCTCCAA_S21_2500000_sub1.fastq,16_08_TLML-001-AT_A_B_genomic_ACCTCCAA_S21_2500000_sub2.fastq",214192,78168,0,31377,116680,486399,0,25024,TLML1gDNA_BL,10.05536,
28,0,2500000,25,189148,1598165, /mnt/work1/users/pughlab/projects/TLML/downsampling/dna/16_08_TLML-001-AT_C2D1_B_genomic_ACGCTCGA_S22_2500000.vdjca," 2.1.12,repseqio.v1.5",4933,"16_08_TLML-001-AT_C2D1_B_genomic_ACGCTCGA_S22_2500000_sub1.fastq,16_08_TLML-001-AT_C2D1_B_genomic_ACGCTCGA_S22_2500000_sub2.fastq",216428,33261,0,29881,92982,496259,0,32971,TLML1gDNA_C2D1,7.56592,
26,0,2500000,20,237856,1578389, /mnt/work1/users/pughlab/projects/TLML/downsampling/dna/16_08_TLML-001-AT_C2D4_B_genomic_ACTATGCA_S23_2500000.vdjca," 2.1.12,repseqio.v1.5",5678,"16_08_TLML-001-AT_C2D4_B_genomic_ACTATGCA_S23_2500000_sub1.fastq,16_08_TLML-001-AT_C2D4_B_genomic_ACTATGCA_S23_2500000_sub2.fastq",214084,68824,0,29920,112925,469671,1,26140,TLML1gDNA_C2D4,9.51424,
31,2,2500000,105,252266,1593023, /mnt/work1/users/pughlab/projects/TLML/downsampling/dna/16_08_TLML-001-AT_FU-01_B_genomic_AGAGTCAA_S24_2500000.vdjca," 2.1.12,repseqio.v1.5",6127,"16_08_TLML-001-AT_FU-01_B_genomic_AGAGTCAA_S24_2500000_sub1.fastq,16_08_TLML-001-AT_FU-01_B_genomic_AGAGTCAA_S24_2500000_sub2.fastq",205880,73956,0,32169,119758,448831,1,26244,TLML1gDNA_F1,10.09064,
43,1,2500000,241,242551,1559587, /mnt/work1/users/pughlab/projects/TLML/downsampling/dna/16_08_TLML-001-AT_FU-011_B_genomic_CAATGGAA_S31_2500000.vdjca," 2.1.12,repseqio.v1.5",5700,"16_08_TLML-001-AT_FU-011_B_genomic_CAATGGAA_S31_2500000_sub1.fastq,16_08_TLML-001-AT_FU-011_B_genomic_CAATGGAA_S31_2500000_sub2.fastq",210523,70550,0,31037,113889,487339,2,26788,TLML1gDNA_F11,9.70204,
24,0,2500000,156,244501,1548048, /mnt/work1/users/pughlab/projects/TLML/downsampling/dna/16_08_TLML-001-AT_FU-014_B_genomic_CACTTCGA_S32_2500000.vdjca," 2.1.12,repseqio.v1.5",5792,"16_08_TLML-001-AT_FU-014_B_genomic_CACTTCGA_S32_2500000_sub1.fastq,16_08_TLML-001-AT_FU-014_B_genomic_CACTTCGA_S32_2500000_sub2.fastq",217960,73116,0,30644,114412,489491,0,26149,TLML1gDNA_F14,9.78004,
36,1,2500000,100,287466,1590324, /mnt/work1/users/pughlab/projects/TLML/downsampling/dna/16_08_TLML-001-AT_FU-02_B_DNA_AGATCGCA_S25_2500000.vdjca," 2.1.12,repseqio.v1.5",6698,"16_08_TLML-001-AT_FU-02_B_DNA_AGATCGCA_S25_2500000_sub1.fastq,16_08_TLML-001-AT_FU-02_B_DNA_AGATCGCA_S25_2500000_sub2.fastq",204804,82712,0,35792,135309,417406,0,33516,TLML1gDNA_F2,11.49864,
30,1,2500000,38,300936,1583039, /mnt/work1/users/pughlab/projects/TLML/downsampling/dna/16_08_TLML-001-AT_FU-03_B_DNA_AGCAGGAA_S26_2500000.vdjca," 2.1.12,repseqio.v1.5",6788,"16_08_TLML-001-AT_FU-03_B_DNA_AGCAGGAA_S26_2500000_sub1.fastq,16_08_TLML-001-AT_FU-03_B_DNA_AGCAGGAA_S26_2500000_sub2.fastq",200090,92224,0,35028,141746,415935,1,31868,TLML1gDNA_F3,12.03744,
40,1,2500000,322,296880,1615484, /mnt/work1/users/pughlab/projects/TLML/downsampling/dna/16_08_TLML-001-AT_FU-04_B_DNA_AGTCACTA_S27_2500000.vdjca," 2.1.12,repseqio.v1.5",7290,"16_08_TLML-001-AT_FU-04_B_DNA_AGTCACTA_S27_2500000_sub1.fastq,16_08_TLML-001-AT_FU-04_B_DNA_AGTCACTA_S27_2500000_sub2.fastq",193904,86756,0,36398,138091,393732,0,35272,TLML1gDNA_F4,11.8752,
53,2,2500000,299,309648,1607583, /mnt/work1/users/pughlab/projects/TLML/downsampling/dna/16_08_TLML-001-AT_FU-05_B_DNA_ATTGAGGA_S28_2500000.vdjca," 2.1.12,repseqio.v1.5",7284,"16_08_TLML-001-AT_FU-05_B_DNA_ATTGAGGA_S28_2500000_sub1.fastq,16_08_TLML-001-AT_FU-05_B_DNA_ATTGAGGA_S28_2500000_sub2.fastq",193242,90272,0,37243,145855,389527,0,35924,TLML1gDNA_F5,12.38592,
33,1,2500000,306,306173,1582323, /mnt/work1/users/pughlab/projects/TLML/downsampling/dna/16_08_TLML-001-AT_FU-06_B_DNA_CAACCACA_S29_2500000.vdjca," 2.1.12,repseqio.v1.5",7171,"16_08_TLML-001-AT_FU-06_B_DNA_CAACCACA_S29_2500000_sub1.fastq,16_08_TLML-001-AT_FU-06_B_DNA_CAACCACA_S29_2500000_sub2.fastq",199162,89921,0,36435,143868,412342,0,35609,TLML1gDNA_F6,12.24692,
19,0,2500000,95,247917,1589556, /mnt/work1/users/pughlab/projects/TLML/downsampling/dna/16_08_TLML-001-AT_FU-08_B_DNA_GACTAGTA_S30_2500000.vdjca," 2.1.12,repseqio.v1.5",5851,"16_08_TLML-001-AT_FU-08_B_DNA_GACTAGTA_S30_2500000_sub1.fastq,16_08_TLML-001-AT_FU-08_B_DNA_GACTAGTA_S30_2500000_sub2.fastq",207663,77940,0,29984,115466,454864,0,24413,TLML1gDNA_F8,9.91668,
32,0,2500000,24,195713,1570210, /mnt/work1/users/pughlab/projects/TLML/downsampling/dna/16_08_TLML-001-AT_Infusion_L_DNA_ACAGCAGA_S20_2500000.vdjca," 2.1.12,repseqio.v1.5",5240,"16_08_TLML-001-AT_Infusion_L_DNA_ACAGCAGA_S20_2500000_sub1.fastq,16_08_TLML-001-AT_Infusion_L_DNA_ACAGCAGA_S20_2500000_sub2.fastq",215730,37513,0,31692,94200,518347,1,32251,TLML1gDNA_TIL,7.82852,10.725286
52,1,2500000,109,286028,1579475, /mnt/work1/users/pughlab/projects/TLML/downsampling/dna/16_08_TLML-026-FT_4W_B_genomic_CCGTGAGA_S37_2500000.vdjca," 2.1.12,repseqio.v1.5",6620,"16_08_TLML-026-FT_4W_B_genomic_CCGTGAGA_S37_2500000_sub1.fastq,16_08_TLML-026-FT_4W_B_genomic_CCGTGAGA_S37_2500000_sub2.fastq",205994,82676,0,32040,139518,428503,2,31629,TLML26gDNA_4W,11.44112,
30,0,2500000,60,263092,1529203, /mnt/work1/users/pughlab/projects/TLML/downsampling/dna/16_08_TLML-026-FT_A_B_genomic_CATACCAA_S34_2500000.vdjca," 2.1.12,repseqio.v1.5",5869,"16_08_TLML-026-FT_A_B_genomic_CATACCAA_S34_2500000_sub1.fastq,16_08_TLML-026-FT_A_B_genomic_CATACCAA_S34_2500000_sub2.fastq",220395,75447,0,31053,130044,487310,0,26458,TLML26gDNA_BL,10.52368,
51,1,2500000,171,275789,1591019, /mnt/work1/users/pughlab/projects/TLML/downsampling/dna/16_08_TLML-026-FT_BL_B_genomic_CCAGTTCA_S35_2500000.vdjca," 2.1.12,repseqio.v1.5",6813,"16_08_TLML-026-FT_BL_B_genomic_CCAGTTCA_S35_2500000_sub1.fastq,16_08_TLML-026-FT_BL_B_genomic_CCAGTTCA_S35_2500000_sub2.fastq",202715,60004,0,38318,135602,430477,0,41642,TLML26gDNA_BL2,11.03156,
43,1,2500000,56,315403,1534835, /mnt/work1/users/pughlab/projects/TLML/downsampling/dna/16_08_TLML-026-FT_C2D4_B_genomic_CCGAAGTA_S36_2500000.vdjca," 2.1.12,repseqio.v1.5",6824,"16_08_TLML-026-FT_C2D4_B_genomic_CCGAAGTA_S36_2500000_sub1.fastq,16_08_TLML-026-FT_C2D4_B_genomic_CCGAAGTA_S36_2500000_sub2.fastq",211602,80617,0,39340,157578,438160,0,37768,TLML26gDNA_C2D4,12.61612,
63,1,2500000,103,313259,1618433, /mnt/work1/users/pughlab/projects/TLML/downsampling/dna/16_08_TLML-026-FT_FU-01_B_genomic_CGAACTTA_S38_2500000.vdjca," 2.1.12,repseqio.v1.5",7779,"16_08_TLML-026-FT_FU-01_B_genomic_CGAACTTA_S38_2500000_sub1.fastq,16_08_TLML-026-FT_FU-01_B_genomic_CGAACTTA_S38_2500000_sub2.fastq",185486,93158,0,33469,151286,382822,0,35179,TLML26gDNA_F1,12.53036,
34,0,2500000,53,318135,1577676, /mnt/work1/users/pughlab/projects/TLML/downsampling/dna/16_08_TLML-026-FT_FU-02_B_genomic_CGACTGGA_S39_2500000.vdjca," 2.1.12,repseqio.v1.5",7091,"16_08_TLML-026-FT_FU-02_B_genomic_CGACTGGA_S39_2500000_sub1.fastq,16_08_TLML-026-FT_FU-02_B_genomic_CGACTGGA_S39_2500000_sub2.fastq",199095,97580,0,33181,154117,405094,0,33170,TLML26gDNA_F2,12.7254,
38,0,2500000,115,228498,1569096, /mnt/work1/users/pughlab/projects/TLML/downsampling/dna/16_08_TLML-026-FT_Infusion_L_genomic_CAGCGTTA_S33_2500000.vdjca," 2.1.12,repseqio.v1.5",5638,"16_08_TLML-026-FT_Infusion_L_genomic_CAGCGTTA_S33_2500000_sub1.fastq,16_08_TLML-026-FT_Infusion_L_genomic_CAGCGTTA_S33_2500000_sub2.fastq",219830,51360,0,31702,114420,482576,0,30863,TLML26gDNA_TIL,9.13992,
4,0,1000000,24400,935639,11017, /mnt/work1/users/pughlab/projects/TLML/downsampling/cfdna/17_02_TLDC-001-VM-4W_TCR-J_D_TCR-V_cfDNA_252_AGTGGTCA_merged_1000000.vdjca," 2.1.12,repseqio.v1.5",5554,"17_02_TLDC-001-VM-4W_TCR-J_D_TCR-V_cfDNA_252_AGTGGTCA_merged_1000000_sub1.fastq,17_02_TLDC-001-VM-4W_TCR-J_D_TCR-V_cfDNA_252_AGTGGTCA_merged_1000000_sub2.fastq",38095,49481,0,75180,118409,15249,1,668164,TLDC1cfDNA_4W,93.5639,
4,3,1000000,25160,932635,10036, /mnt/work1/users/pughlab/projects/TLML/downsampling/cfdna/17_02_TLDC-001-VM-BL_TCR-J_D_TCR-V_cfDNA_69_ATGCCTAA_merged_1000000.vdjca," 2.1.12,repseqio.v1.5",6115,"17_02_TLDC-001-VM-BL_TCR-J_D_TCR-V_cfDNA_69_ATGCCTAA_merged_1000000_sub1.fastq,17_02_TLDC-001-VM-BL_TCR-J_D_TCR-V_cfDNA_69_ATGCCTAA_merged_1000000_sub2.fastq",39876,56736,0,78995,108564,17453,1,663172,TLDC1cfDNA_BL,93.2635,
5,0,1000000,22105,927767,13601, /mnt/work1/users/pughlab/projects/TLML/downsampling/cfdna/17_02_TLML-004-JR-4W_TCR-J_D_TCR-V_cfDNA_150_AACTCACC_merged_1000000.vdjca," 2.1.12,repseqio.v1.5",6296,"17_02_TLML-004-JR-4W_TCR-J_D_TCR-V_cfDNA_150_AACTCACC_merged_1000000_sub1.fastq,17_02_TLML-004-JR-4W_TCR-J_D_TCR-V_cfDNA_150_AACTCACC_merged_1000000_sub2.fastq",40365,88125,0,74533,113719,18267,0,629280,TLML4cfDNA_4W,92.7767,
3,0,1000000,27377,938287,10601, /mnt/work1/users/pughlab/projects/TLML/downsampling/cfdna/17_02_TLML-004-JR-BL_TCR-J_D_TCR-V_cfDNA_150_TTCACGCA_merged_1000000.vdjca," 2.1.12,repseqio.v1.5",5017,"17_02_TLML-004-JR-BL_TCR-J_D_TCR-V_cfDNA_150_TTCACGCA_merged_1000000_sub1.fastq,17_02_TLML-004-JR-BL_TCR-J_D_TCR-V_cfDNA_150_TTCACGCA_merged_1000000_sub2.fastq",36320,84497,0,60323,114922,14792,1,651164,TLML4cfDNA_BL,93.8287,
3,0,1000000,23690,924433,13207, /mnt/work1/users/pughlab/projects/TLML/downsampling/cfdna/17_02_TLML-016-MT-4W_TCR-J_D_TCR-V_cfDNA_342_ACAGATTC_merged_1000000.vdjca," 2.1.12,repseqio.v1.5",6187,"17_02_TLML-016-MT-4W_TCR-J_D_TCR-V_cfDNA_342_ACAGATTC_merged_1000000_sub1.fastq,17_02_TLML-016-MT-4W_TCR-J_D_TCR-V_cfDNA_342_ACAGATTC_merged_1000000_sub2.fastq",42353,150821,0,55585,106847,20007,0,587487,TLML16cfDNA_4W,92.4433,
7,3,1000000,23589,936585,11914, /mnt/work1/users/pughlab/projects/TLML/downsampling/cfdna/17_02_TLML-016-MT-BL_TCR-J_D_TCR-V_cfDNA_132_ACACGACC_merged_1000000.vdjca," 2.1.12,repseqio.v1.5",7217,"17_02_TLML-016-MT-BL_TCR-J_D_TCR-V_cfDNA_132_ACACGACC_merged_1000000_sub1.fastq,17_02_TLML-016-MT-BL_TCR-J_D_TCR-V_cfDNA_132_ACACGACC_merged_1000000_sub2.fastq",35953,150181,0,57253,111420,15548,0,594132,TLML16cfDNA_BL,93.6585,
20,0,170000,3867,154235,1478, /mnt/work1/users/pughlab/projects/TLML/downsampling/cdna/17_02_TLML-019-FT-4W_TCR-J_D_TCR-V_cDNA_88_TCTTCACA_merged_170000.vdjca," 2.1.12,repseqio.v1.5",3770,"17_02_TLML-019-FT-4W_TCR-J_D_TCR-V_cDNA_88_TCTTCACA_merged_170000_sub1.fastq,17_02_TLML-019-FT-4W_TCR-J_D_TCR-V_cDNA_88_TCTTCACA_merged_170000_sub2.fastq",9077,175,0,9604,90182,5210,0,50387,TLML26cDNA_4W,90.72647059,
6,2,1000000,25367,922378,10936, /mnt/work1/users/pughlab/projects/TLML/downsampling/cfdna/17_02_TLML-019-FT-4W_TCR-J_D_TCR-V_cfDNA_48_AGCACCTC_merged_1000000.vdjca," 2.1.12,repseqio.v1.5",5133,"17_02_TLML-019-FT-4W_TCR-J_D_TCR-V_cfDNA_48_AGCACCTC_merged_1000000_sub1.fastq,17_02_TLML-019-FT-4W_TCR-J_D_TCR-V_cfDNA_48_AGCACCTC_merged_1000000_sub2.fastq",46182,52600,0,66256,116342,20504,0,661805,TLML26cfDNA_4W,92.2378,
2,0,170000,1284,156433,1300, /mnt/work1/users/pughlab/projects/TLML/downsampling/cdna/17_02_TLML-019-FT-BL_TCR-J_D_TCR-V_cDNA_31_TCCGTCTA_merged_170000.vdjca," 2.1.12,repseqio.v1.5",3602,"17_02_TLML-019-FT-BL_TCR-J_D_TCR-V_cDNA_31_TCCGTCTA_merged_170000_sub1.fastq,17_02_TLML-019-FT-BL_TCR-J_D_TCR-V_cDNA_31_TCCGTCTA_merged_170000_sub2.fastq",7934,125,0,3123,107030,4333,5,44864,TLML26cDNA_BL,92.01941176,
2,1,1000000,25742,920266,10740, /mnt/work1/users/pughlab/projects/TLML/downsampling/cfdna/17_02_TLML-019-FT-BL_TCR-J_D_TCR-V_cfDNA_66_AGATGTAC_merged_1000000.vdjca," 2.1.12,repseqio.v1.5",5419,"17_02_TLML-019-FT-BL_TCR-J_D_TCR-V_cfDNA_66_AGATGTAC_merged_1000000_sub1.fastq,17_02_TLML-019-FT-BL_TCR-J_D_TCR-V_cfDNA_66_AGATGTAC_merged_1000000_sub2.fastq",46973,53632,0,65656,112307,22021,1,662925,TLML26cfDNA_BL,92.0266,
7,0,1000000,19075,933925,14932, /mnt/work1/users/pughlab/projects/TLML/downsampling/cfdna/17_02_TLML-020-TB-4W_TCR-J_D_TCR-V_cfDNA_263_AATGTTGC_merged_1000000.vdjca," 2.1.12,repseqio.v1.5",6848,"17_02_TLML-020-TB-4W_TCR-J_D_TCR-V_cfDNA_263_AATGTTGC_merged_1000000_sub1.fastq,17_02_TLML-020-TB-4W_TCR-J_D_TCR-V_cfDNA_263_AATGTTGC_merged_1000000_sub2.fastq",35876,172097,0,72954,99641,15267,0,570151,TLML20cfDNA_4W,93.3925,
7,2,1000000,23488,924928,12541, /mnt/work1/users/pughlab/projects/TLML/downsampling/cfdna/17_02_TLML-020-TB-BL_TCR-J_D_TCR-V_cfDNA_74_AATCCGTC_merged_1000000.vdjca," 2.1.12,repseqio.v1.5",5390,"17_02_TLML-020-TB-BL_TCR-J_D_TCR-V_cfDNA_74_AATCCGTC_merged_1000000_sub1.fastq,17_02_TLML-020-TB-BL_TCR-J_D_TCR-V_cfDNA_74_AATCCGTC_merged_1000000_sub2.fastq",42428,153570,0,53022,105327,20103,0,589512,TLML20cfDNA_BL,92.4928,
2,1,1000000,22882,930770,12037, /mnt/work1/users/pughlab/projects/TLML/downsampling/cfdna/17_02_TLML-022-PJ-4W_TCR-J_D_TCR-V_cfDNA_690_AAGGACAC_merged_1000000.vdjca," 2.1.12,repseqio.v1.5",7619,"17_02_TLML-022-PJ-4W_TCR-J_D_TCR-V_cfDNA_690_AAGGACAC_merged_1000000_sub1.fastq,17_02_TLML-022-PJ-4W_TCR-J_D_TCR-V_cfDNA_690_AAGGACAC_merged_1000000_sub2.fastq",39195,76222,0,65617,112177,17998,5,653864,TLML22cfDNA_4W,93.077,
4,1,1000000,22486,925702,13190, /mnt/work1/users/pughlab/projects/TLML/downsampling/cfdna/17_02_TLML-022-PJ-BL_TCR-J_D_TCR-V_cfDNA_882_AAGAGATC_merged_1000000.vdjca," 2.1.12,repseqio.v1.5",7074,"17_02_TLML-022-PJ-BL_TCR-J_D_TCR-V_cfDNA_882_AAGAGATC_merged_1000000_sub1.fastq,17_02_TLML-022-PJ-BL_TCR-J_D_TCR-V_cfDNA_882_AAGAGATC_merged_1000000_sub2.fastq",40304,84763,0,69564,101999,20804,1,646884,TLML22cfDNA_BL,92.5702,
5,0,1000000,26579,937526,8442, /mnt/work1/users/pughlab/projects/TLML/downsampling/cfdna/17_02_TLML-029-JC-4W_TCR-J_D_TCR-V_cfDNA_600_AGGCTAAC_merged_1000000.vdjca," 2.1.12,repseqio.v1.5",4105,"17_02_TLML-029-JC-4W_TCR-J_D_TCR-V_cfDNA_600_AGGCTAAC_merged_1000000_sub1.fastq,17_02_TLML-029-JC-4W_TCR-J_D_TCR-V_cfDNA_600_AGGCTAAC_merged_1000000_sub2.fastq",38146,13437,0,70967,109846,15886,0,716692,TLML29cfDNA_4W,93.7526,
5,0,1000000,25554,914049,8730, /mnt/work1/users/pughlab/projects/TLML/downsampling/cfdna/17_02_TLML-029-JC-BL_TCR-J_D_TCR-V_cfDNA_138_AGCCATGC_merged_1000000.vdjca," 2.1.12,repseqio.v1.5",5595,"17_02_TLML-029-JC-BL_TCR-J_D_TCR-V_cfDNA_138_AGCCATGC_merged_1000000_sub1.fastq,17_02_TLML-029-JC-BL_TCR-J_D_TCR-V_cfDNA_138_AGCCATGC_merged_1000000_sub2.fastq",50508,12981,0,69011,107888,26713,0,698610,TLML29cfDNA_BL,91.4049,
131,39,2500000,17315,2075496,146555, /mnt/work1/users/pughlab/projects/TLML/downsampling/dna/TLDC_1_VM_4W_TCR-J_Dep_TCR-V_genomic_1000_ATGCCTAA_merged_2500000.vdjca," 2.1.12,repseqio.v1.5",50223,"TLDC_1_VM_4W_TCR-J_Dep_TCR-V_genomic_1000_ATGCCTAA_merged_2500000_sub1.fastq,TLDC_1_VM_4W_TCR-J_Dep_TCR-V_genomic_1000_ATGCCTAA_merged_2500000_sub2.fastq",202579,776490,0,237788,260905,75370,0,782828,TLDC1gDNA_4W,83.01984,
0,0,170000,3482,113928,27418, /mnt/work1/users/pughlab/projects/TLML/downsampling/cdna/TLDC_1_VM_4W_TCR-JV_cDNA_20_GAGCTGAA_merged_170000.vdjca," 2.1.12,repseqio.v1.5",3155,"TLDC_1_VM_4W_TCR-JV_cDNA_20_GAGCTGAA_merged_170000_sub1.fastq,TLDC_1_VM_4W_TCR-JV_cDNA_20_GAGCTGAA_merged_170000_sub2.fastq",4180,3887,0,4786,75837,24474,1,25935,TLDC1cDNA_4W,67.01647059,
97,0,2500000,25844,2091752,141479, /mnt/work1/users/pughlab/projects/TLML/downsampling/dna/TLDC_1_VM_baseline_TCR-J_Dep_TCR-V_genomic_1000_AAACATCG_merged_2500000.vdjca," 2.1.12,repseqio.v1.5",53115,"TLDC_1_VM_baseline_TCR-J_Dep_TCR-V_genomic_1000_AAACATCG_merged_2500000_sub1.fastq,TLDC_1_VM_baseline_TCR-J_Dep_TCR-V_genomic_1000_AAACATCG_merged_2500000_sub2.fastq",194248,768418,0,261150,271596,72521,0,764647,TLDC1gDNA_BL,83.67008,
3,0,170000,8125,120328,25069, /mnt/work1/users/pughlab/projects/TLML/downsampling/cdna/TLDC_1_VM_baseline_TCR-JV_cDNA_13_CAAGACTA_merged_170000.vdjca," 2.1.12,repseqio.v1.5",3246,"TLDC_1_VM_baseline_TCR-JV_cDNA_13_CAAGACTA_merged_170000_sub1.fastq,TLDC_1_VM_baseline_TCR-JV_cDNA_13_CAAGACTA_merged_170000_sub2.fastq",4638,4853,0,10903,72087,19965,0,24357,TLDC1cDNA_BL,70.78117647,
67,24,2500000,10915,2173563,137878, /mnt/work1/users/pughlab/projects/TLML/downsampling/dna/TLDC_1_VM_infusion_TCR-J_Dep_TCR-V_genomic_1000_AACGTGAT_merged_2500000.vdjca," 2.1.12,repseqio.v1.5",64959,"TLDC_1_VM_infusion_TCR-J_Dep_TCR-V_genomic_1000_AACGTGAT_merged_2500000_sub1.fastq,TLDC_1_VM_infusion_TCR-J_Dep_TCR-V_genomic_1000_AACGTGAT_merged_2500000_sub2.fastq",139966,624763,0,382677,352603,48593,8,802505,TLDC1gDNA_TIL,86.94252,
0,0,170000,2828,124738,25966, /mnt/work1/users/pughlab/projects/TLML/downsampling/cdna/TLDC_1_VM_infusion_TCR-JV_cDNA_27_GAATCTGA_merged_170000.vdjca," 2.1.12,repseqio.v1.5",3726,"TLDC_1_VM_infusion_TCR-JV_cDNA_27_GAATCTGA_merged_170000_sub1.fastq,TLDC_1_VM_infusion_TCR-JV_cDNA_27_GAATCTGA_merged_170000_sub2.fastq",2816,6182,0,3965,73423,16480,0,38340,TLDC1cDNA_TIL,73.37529412,
44,37,2500000,18475,2059237,149970, /mnt/work1/users/pughlab/projects/TLML/downsampling/dna/TLML_1_AT_4W_TCR-J_Dep_TCR-V_genomic_1000_AGTGGTCA_merged_2500000.vdjca," 2.1.12,repseqio.v1.5",46971,"TLML_1_AT_4W_TCR-J_Dep_TCR-V_genomic_1000_AGTGGTCA_merged_2500000_sub1.fastq,TLML_1_AT_4W_TCR-J_Dep_TCR-V_genomic_1000_AGTGGTCA_merged_2500000_sub2.fastq",212841,805691,0,200292,261419,77952,0,773279,TLML1gDNA_4W,82.36948,
0,0,170000,1614,118572,24887, /mnt/work1/users/pughlab/projects/TLML/downsampling/cdna/TLML_1_AT_4W_TCR-JV_cDNA_69_GATAGACA_merged_170000.vdjca," 2.1.12,repseqio.v1.5",3249,"TLML_1_AT_4W_TCR-JV_cDNA_69_GATAGACA_merged_170000_sub1.fastq,TLML_1_AT_4W_TCR-JV_cDNA_69_GATAGACA_merged_170000_sub2.fastq",3670,3649,0,5606,81401,22871,0,26302,TLML1cDNA_4W,69.74823529,
38,8,2500000,19509,2067519,152146, /mnt/work1/users/pughlab/projects/TLML/downsampling/dna/TLML_1_AT_FU10_TCR-J_Dep_TCR-V_genomic_1000_CAGATCTG_merged_2500000.vdjca," 2.1.12,repseqio.v1.5",48066,"TLML_1_AT_FU10_TCR-J_Dep_TCR-V_genomic_1000_CAGATCTG_merged_2500000_sub1.fastq,TLML_1_AT_FU10_TCR-J_Dep_TCR-V_genomic_1000_CAGATCTG_merged_2500000_sub2.fastq",206969,813894,0,202365,246158,73366,0,785547,TLML1gDNA_F10,82.70076,
2,1,170000,3558,96327,36973, /mnt/work1/users/pughlab/projects/TLML/downsampling/cdna/TLML_1_AT_FU10_TCR-JV_cDNA_33_GCTAACGA_merged_170000.vdjca," 2.1.12,repseqio.v1.5",2374,"TLML_1_AT_FU10_TCR-JV_cDNA_33_GCTAACGA_merged_170000_sub1.fastq,TLML_1_AT_FU10_TCR-JV_cDNA_33_GCTAACGA_merged_170000_sub2.fastq",8832,4542,0,5898,63310,27868,0,19016,TLML1cDNA_F10,56.66294118,
55,0,2500000,19701,2071935,149812, /mnt/work1/users/pughlab/projects/TLML/downsampling/dna/TLML_1_AT_FU12_TCR-J_Dep_TCR-V_genomic_1000_CATCAAGT_merged_2500000.vdjca," 2.1.12,repseqio.v1.5",49261,"TLML_1_AT_FU12_TCR-J_Dep_TCR-V_genomic_1000_CATCAAGT_merged_2500000_sub1.fastq,TLML_1_AT_FU12_TCR-J_Dep_TCR-V_genomic_1000_CATCAAGT_merged_2500000_sub2.fastq",204316,811521,0,194947,259015,73937,1,786693,TLML1gDNA_F12,82.8774,
11,2,170000,4161,117076,20195, /mnt/work1/users/pughlab/projects/TLML/downsampling/cdna/TLML_1_AT_FU12_TCR-JV_cDNA_24_GCTCGGTA_merged_170000.vdjca," 2.1.12,repseqio.v1.5",2552,"TLML_1_AT_FU12_TCR-JV_cDNA_24_GCTCGGTA_merged_170000_sub1.fastq,TLML_1_AT_FU12_TCR-JV_cDNA_24_GCTCGGTA_merged_170000_sub2.fastq",5295,2790,0,3748,90475,27434,1,15888,TLML1cDNA_F12,68.86823529,
124,18,2500000,20404,2078180,147585, /mnt/work1/users/pughlab/projects/TLML/downsampling/dna/TLML_1_AT_FU13_TCR-J_Dep_TCR-V_genomic_1000_CGCTGATC_merged_2500000.vdjca," 2.1.12,repseqio.v1.5",48827,"TLML_1_AT_FU13_TCR-J_Dep_TCR-V_genomic_1000_CGCTGATC_merged_2500000_sub1.fastq,TLML_1_AT_FU13_TCR-J_Dep_TCR-V_genomic_1000_CGCTGATC_merged_2500000_sub2.fastq",203232,786512,0,205945,260929,71003,14,804234,TLML1gDNA_F13,83.1272,
11,2,170000,4147,118281,23050, /mnt/work1/users/pughlab/projects/TLML/downsampling/cdna/TLML_1_AT_FU13_TCR-JV_cDNA_21_GGAGAACA_merged_170000.vdjca," 2.1.12,repseqio.v1.5",2454,"TLML_1_AT_FU13_TCR-JV_cDNA_21_GGAGAACA_merged_170000_sub1.fastq,TLML_1_AT_FU13_TCR-JV_cDNA_21_GGAGAACA_merged_170000_sub2.fastq",5259,3123,0,5084,85670,23410,1,20243,TLML1cDNA_F13,69.57705882,
160,0,2500000,19598,2069321,148619, /mnt/work1/users/pughlab/projects/TLML/downsampling/dna/TLML_1_AT_FU15_TCR-J_Dep_TCR-V_genomic_1000_ACAAGCTA_merged_2500000.vdjca," 2.1.12,repseqio.v1.5",46561,"TLML_1_AT_FU15_TCR-J_Dep_TCR-V_genomic_1000_ACAAGCTA_merged_2500000_sub1.fastq,TLML_1_AT_FU15_TCR-J_Dep_TCR-V_genomic_1000_ACAAGCTA_merged_2500000_sub2.fastq",207541,803605,0,197619,248730,74519,0,799609,TLML1gDNA_F15,82.77284,
60,15,2500000,22061,2050724,148887, /mnt/work1/users/pughlab/projects/TLML/downsampling/dna/TLML_1_AT_FU16_TCR-J_Dep_TCR-V_genomic_1000_CTGTAGCC_merged_2500000.vdjca," 2.1.12,repseqio.v1.5",44170,"TLML_1_AT_FU16_TCR-J_Dep_TCR-V_genomic_1000_CTGTAGCC_merged_2500000_sub1.fastq,TLML_1_AT_FU16_TCR-J_Dep_TCR-V_genomic_1000_CTGTAGCC_merged_2500000_sub2.fastq",221521,837958,0,164799,231302,78868,0,794529,TLML1gDNA_F16,82.02896,
18,0,170000,3458,118043,22930, /mnt/work1/users/pughlab/projects/TLML/downsampling/cdna/TLML_1_AT_FU16_TCR-JV_cDNA_13_GTACGCAA_merged_170000.vdjca," 2.1.12,repseqio.v1.5",2807,"TLML_1_AT_FU16_TCR-JV_cDNA_13_GTACGCAA_merged_170000_sub1.fastq,TLML_1_AT_FU16_TCR-JV_cDNA_13_GTACGCAA_merged_170000_sub2.fastq",4905,3397,0,4905,84443,24122,1,21821,TLML1cDNA_F16,69.43705882,
78,33,2500000,19492,2057644,168528, /mnt/work1/users/pughlab/projects/TLML/downsampling/dna/TLML_1_AT_FU7_TCR-J_Dep_TCR-V_genomic_1000_ACCACTGT_merged_2500000.vdjca," 2.1.12,repseqio.v1.5",51792,"TLML_1_AT_FU7_TCR-J_Dep_TCR-V_genomic_1000_ACCACTGT_merged_2500000_sub1.fastq,TLML_1_AT_FU7_TCR-J_Dep_TCR-V_genomic_1000_ACCACTGT_merged_2500000_sub2.fastq",201184,778386,0,212976,258849,72644,0,787830,TLML1gDNA_F7,82.30576,
10,0,170000,2789,119408,25217, /mnt/work1/users/pughlab/projects/TLML/downsampling/cdna/TLML_1_AT_FU7_TCR-JV_cDNA_18_GCCACATA_merged_170000.vdjca," 2.1.12,repseqio.v1.5",3206,"TLML_1_AT_FU7_TCR-JV_cDNA_18_GCCACATA_merged_170000_sub1.fastq,TLML_1_AT_FU7_TCR-JV_cDNA_18_GCCACATA_merged_170000_sub2.fastq",4420,3905,1,5719,81600,20955,2,25382,TLML1cDNA_F7,70.24,
33,24,2500000,23650,2059996,143995, /mnt/work1/users/pughlab/projects/TLML/downsampling/dna/TLML_1_AT_FU9_TCR-J_Dep_TCR-V_genomic_1000_ACATTGGC_merged_2500000.vdjca," 2.1.12,repseqio.v1.5",44624,"TLML_1_AT_FU9_TCR-J_Dep_TCR-V_genomic_1000_ACATTGGC_merged_2500000_sub1.fastq,TLML_1_AT_FU9_TCR-J_Dep_TCR-V_genomic_1000_ACATTGGC_merged_2500000_sub2.fastq",219759,844249,0,172443,239800,76250,0,779797,TLML1gDNA_F9,82.39984,
65,52,2500000,23023,2028058,152858, /mnt/work1/users/pughlab/projects/TLML/downsampling/dna/TLML_16_MT_4W_TCR-J_Dep_TCR-V_genomic_1000_ACTATGCA_merged_2500000.vdjca," 2.1.12,repseqio.v1.5",40348,"TLML_16_MT_4W_TCR-J_Dep_TCR-V_genomic_1000_ACTATGCA_merged_2500000_sub1.fastq,TLML_16_MT_4W_TCR-J_Dep_TCR-V_genomic_1000_ACTATGCA_merged_2500000_sub2.fastq",233783,882617,0,133699,229145,85301,2,759455,TLML16gDNA_4W,81.12232,
55,0,2500000,17822,2063259,158601, /mnt/work1/users/pughlab/projects/TLML/downsampling/dna/TLML_16_MT_baseline_TCR-J_Dep_TCR-V_genomic_1000_ACGTATCA_merged_2500000.vdjca," 2.1.12,repseqio.v1.5",49314,"TLML_16_MT_baseline_TCR-J_Dep_TCR-V_genomic_1000_ACGTATCA_merged_2500000_sub1.fastq,TLML_16_MT_baseline_TCR-J_Dep_TCR-V_genomic_1000_ACGTATCA_merged_2500000_sub2.fastq",201388,776290,0,216984,258484,76752,0,793621,TLML16gDNA_BL,82.53036,
6,2,170000,3297,116771,25395, /mnt/work1/users/pughlab/projects/TLML/downsampling/cdna/TLML_16_MT_baseline_TCR-JV_cDNA_19_TGGTGGTA_merged_170000.vdjca," 2.1.12,repseqio.v1.5",2695,"TLML_16_MT_baseline_TCR-JV_cDNA_19_TGGTGGTA_merged_170000_sub1.fastq,TLML_16_MT_baseline_TCR-JV_cDNA_19_TGGTGGTA_merged_170000_sub2.fastq",5297,4789,0,4933,72881,22537,3,30858,TLML16cDNA_BL,68.68882353,
141,27,2500000,19964,2050758,146495, /mnt/work1/users/pughlab/projects/TLML/downsampling/dna/TLML_16_MT_FU1_TCR-J_Dep_TCR-V_genomic_1000_AGAGTCAA_merged_2500000.vdjca," 2.1.12,repseqio.v1.5",45662,"TLML_16_MT_FU1_TCR-J_Dep_TCR-V_genomic_1000_AGAGTCAA_merged_2500000_sub1.fastq,TLML_16_MT_FU1_TCR-J_Dep_TCR-V_genomic_1000_AGAGTCAA_merged_2500000_sub2.fastq",223005,825787,0,183403,248536,79742,0,772900,TLML16gDNA_F1,82.03032,
3,1,170000,3205,116863,26549, /mnt/work1/users/pughlab/projects/TLML/downsampling/cdna/TLML_16_MT_FU1_TCR-JV_cDNA_20_AACTCACC_merged_170000.vdjca," 2.1.12,repseqio.v1.5",2801,"TLML_16_MT_FU1_TCR-JV_cDNA_20_AACTCACC_merged_170000_sub1.fastq,TLML_16_MT_FU1_TCR-JV_cDNA_20_AACTCACC_merged_170000_sub2.fastq",4360,4258,0,9033,70959,22228,0,29404,TLML16cDNA_F1,68.74294118,
154,14,2500000,22268,2042237,144621, /mnt/work1/users/pughlab/projects/TLML/downsampling/dna/TLML_16_MT_FU2_TCR-J_Dep_TCR-V_genomic_1000_AGATCGCA_merged_2500000.vdjca," 2.1.12,repseqio.v1.5",42643,"TLML_16_MT_FU2_TCR-J_Dep_TCR-V_genomic_1000_AGATCGCA_merged_2500000_sub1.fastq,TLML_16_MT_FU2_TCR-J_Dep_TCR-V_genomic_1000_AGATCGCA_merged_2500000_sub2.fastq",231599,882227,0,148704,232933,81543,0,755936,TLML16gDNA_F2,81.68948,
8,3,170000,8255,110672,22096, /mnt/work1/users/pughlab/projects/TLML/downsampling/cdna/TLML_16_MT_FU2_TCR-JV_cDNA_28_AAGAGATC_merged_170000.vdjca," 2.1.12,repseqio.v1.5",2214,"TLML_16_MT_FU2_TCR-JV_cDNA_28_AAGAGATC_merged_170000_sub1.fastq,TLML_16_MT_FU2_TCR-JV_cDNA_28_AAGAGATC_merged_170000_sub2.fastq",6041,3772,0,9194,69737,31191,0,19703,TLML16cDNA_F2,65.10117647,
98,0,2500000,23877,2021383,155342, /mnt/work1/users/pughlab/projects/TLML/downsampling/dna/TLML_16_MT_FU3_TCR-J_Dep_TCR-V_genomic_1000_AGCAGGAA_merged_2500000.vdjca," 2.1.12,repseqio.v1.5",41038,"TLML_16_MT_FU3_TCR-J_Dep_TCR-V_genomic_1000_AGCAGGAA_merged_2500000_sub1.fastq,TLML_16_MT_FU3_TCR-J_Dep_TCR-V_genomic_1000_AGCAGGAA_merged_2500000_sub2.fastq",236099,863261,0,135041,225574,87176,7,773524,TLML16gDNA_F3,80.85532,
12,4,170000,7956,114395,22516, /mnt/work1/users/pughlab/projects/TLML/downsampling/cdna/TLML_16_MT_FU3_TCR-JV_cDNA_20_AAGGACAC_merged_170000.vdjca," 2.1.12,repseqio.v1.5",2664,"TLML_16_MT_FU3_TCR-JV_cDNA_20_AAGGACAC_merged_170000_sub1.fastq,TLML_16_MT_FU3_TCR-JV_cDNA_20_AAGGACAC_merged_170000_sub2.fastq",6159,6982,0,10260,65439,26930,5,23737,TLML16cDNA_F3,67.29117647,
64,8,2500000,23664,2034612,150143, /mnt/work1/users/pughlab/projects/TLML/downsampling/dna/TLML_16_MT_FU4_TCR-J_Dep_TCR-V_genomic_1000_AGTCACTA_merged_2500000.vdjca," 2.1.12,repseqio.v1.5",40948,"TLML_16_MT_FU4_TCR-J_Dep_TCR-V_genomic_1000_AGTCACTA_merged_2500000_sub1.fastq,TLML_16_MT_FU4_TCR-J_Dep_TCR-V_genomic_1000_AGTCACTA_merged_2500000_sub2.fastq",229962,859939,0,145103,233317,85283,0,772517,TLML16gDNA_F4,81.38448,
6,1,170000,8962,113733,22330, /mnt/work1/users/pughlab/projects/TLML/downsampling/cdna/TLML_16_MT_FU4_TCR-JV_cDNA_27_AATCCGTC_merged_170000.vdjca," 2.1.12,repseqio.v1.5",2531,"TLML_16_MT_FU4_TCR-JV_cDNA_27_AATCCGTC_merged_170000_sub1.fastq,TLML_16_MT_FU4_TCR-JV_cDNA_27_AATCCGTC_merged_170000_sub2.fastq",5441,2620,0,7798,75749,28496,1,18596,TLML16cDNA_F4,66.90176471,
210,0,2500000,24298,2014189,161355, /mnt/work1/users/pughlab/projects/TLML/downsampling/dna/TLML_16_MT_FU5_TCR-J_Dep_TCR-V_genomic_1000_ATCCTGTA_merged_2500000.vdjca," 2.1.12,repseqio.v1.5",44424,"TLML_16_MT_FU5_TCR-J_Dep_TCR-V_genomic_1000_ATCCTGTA_merged_2500000_sub1.fastq,TLML_16_MT_FU5_TCR-J_Dep_TCR-V_genomic_1000_ATCCTGTA_merged_2500000_sub2.fastq",234903,839652,0,159998,236270,89553,0,753761,TLML16gDNA_F5,80.56756,
9,0,170000,13963,117634,23220, /mnt/work1/users/pughlab/projects/TLML/downsampling/cdna/TLML_16_MT_FU5_TCR-JV_cDNA_34_AATGTTGC_merged_170000.vdjca," 2.1.12,repseqio.v1.5",2480,"TLML_16_MT_FU5_TCR-JV_cDNA_34_AATGTTGC_merged_170000_sub1.fastq,TLML_16_MT_FU5_TCR-JV_cDNA_34_AATGTTGC_merged_170000_sub2.fastq",5589,3003,0,11650,69265,23557,2,19742,TLML16cDNA_F5,69.19647059,
105,21,2500000,1640,2162879,154736, /mnt/work1/users/pughlab/projects/TLML/downsampling/dna/TLML_16_MT_infusion_TCR-J_Dep_TCR-V_genomic_1000_ACGCTCGA_merged_2500000.vdjca," 2.1.12,repseqio.v1.5",67289,"TLML_16_MT_infusion_TCR-J_Dep_TCR-V_genomic_1000_ACGCTCGA_merged_2500000_sub1.fastq,TLML_16_MT_infusion_TCR-J_Dep_TCR-V_genomic_1000_ACGCTCGA_merged_2500000_sub2.fastq",127675,587690,0,425845,352778,54710,9,794791,TLML16gDNA_TIL,86.51516,
0,0,170000,189,121914,26889, /mnt/work1/users/pughlab/projects/TLML/downsampling/cdna/TLML_16_MT_infusion_TCR-JV_cDNA_15_TGGCTTCA_merged_170000.vdjca," 2.1.12,repseqio.v1.5",3234,"TLML_16_MT_infusion_TCR-JV_cDNA_15_TGGCTTCA_merged_170000_sub1.fastq,TLML_16_MT_infusion_TCR-JV_cDNA_15_TGGCTTCA_merged_170000_sub2.fastq",3166,4799,0,3285,80225,18031,0,33416,TLML16cDNA_TIL,71.71411765,
175,0,2500000,21295,2053246,143175, /mnt/work1/users/pughlab/projects/TLML/downsampling/dna/TLML_18_CKN_4W_TCR-J_Dep_TCR-V_genomic_1000_GACTAGTA_merged_2500000.vdjca," 2.1.12,repseqio.v1.5",42863,"TLML_18_CKN_4W_TCR-J_Dep_TCR-V_genomic_1000_GACTAGTA_merged_2500000_sub1.fastq,TLML_18_CKN_4W_TCR-J_Dep_TCR-V_genomic_1000_GACTAGTA_merged_2500000_sub2.fastq",224237,854610,0,161296,238859,79342,0,777011,TLML18gDNA_4W,82.12984,
1,0,170000,6500,104085,29234, /mnt/work1/users/pughlab/projects/TLML/downsampling/cdna/TLML_18_CKN_4W_TCR-JV_cDNA_34_AGATGTAC_merged_170000.vdjca," 2.1.12,repseqio.v1.5",2167,"TLML_18_CKN_4W_TCR-JV_cDNA_34_AGATGTAC_merged_170000_sub1.fastq,TLML_18_CKN_4W_TCR-JV_cDNA_34_AGATGTAC_merged_170000_sub2.fastq",5151,2865,0,8419,68758,31530,0,17542,TLML18cDNA_4W,61.22647059,
90,42,2500000,22315,2043246,151832, /mnt/work1/users/pughlab/projects/TLML/downsampling/dna/TLML_18_CKN_apheresis_TCR-J_Dep_TCR-V_genomic_1000_CAACCACA_merged_2500000.vdjca," 2.1.12,repseqio.v1.5",45258,"TLML_18_CKN_apheresis_TCR-J_Dep_TCR-V_genomic_1000_CAACCACA_merged_2500000_sub1.fastq,TLML_18_CKN_apheresis_TCR-J_Dep_TCR-V_genomic_1000_CAACCACA_merged_2500000_sub2.fastq",218275,826114,0,154710,220611,86647,28,819336,TLML18gDNA_BL,81.72984,
21,3,170000,2909,115577,25421, /mnt/work1/users/pughlab/projects/TLML/downsampling/cdna/TLML_18_CKN_apheresis_TCR-JV_cDNA_57_ACAGATTC_merged_170000.vdjca," 2.1.12,repseqio.v1.5",2552,"TLML_18_CKN_apheresis_TCR-JV_cDNA_57_ACAGATTC_merged_170000_sub1.fastq,TLML_18_CKN_apheresis_TCR-JV_cDNA_57_ACAGATTC_merged_170000_sub2.fastq",4806,5143,0,5085,77862,24196,1,24553,TLML18cDNA_BL,67.98647059,
259,13,2500000,1203,2147767,161626, /mnt/work1/users/pughlab/projects/TLML/downsampling/dna/TLML_18_CKN_infusion_TCR-J_Dep_TCR-V_genomic_500_ATTGAGGA_merged_2500000.vdjca," 2.1.12,repseqio.v1.5",63944,"TLML_18_CKN_infusion_TCR-J_Dep_TCR-V_genomic_500_ATTGAGGA_merged_2500000_sub1.fastq,TLML_18_CKN_infusion_TCR-J_Dep_TCR-V_genomic_500_ATTGAGGA_merged_2500000_sub2.fastq",132452,547187,0,403728,341515,58155,0,853862,TLML18gDNA_TIL,85.91068,
1,0,170000,120,118845,29731, /mnt/work1/users/pughlab/projects/TLML/downsampling/cdna/TLML_18_CKN_infusion_TCR-JV_cDNA_13_ACACGACC_merged_170000.vdjca," 2.1.12,repseqio.v1.5",2674,"TLML_18_CKN_infusion_TCR-JV_cDNA_13_ACACGACC_merged_170000_sub1.fastq,TLML_18_CKN_infusion_TCR-JV_cDNA_13_ACACGACC_merged_170000_sub2.fastq",3788,6562,0,1220,67902,17636,0,43040,TLML18cDNA_TIL,69.90882353,
211,13,2500000,3371,2163767,149363, /mnt/work1/users/pughlab/projects/TLML/downsampling/dna/TLML_20_TB_4W_TCR-J_Dep_TCR-V_genomic_1000_CAGCGTTA_merged_2500000.vdjca," 2.1.12,repseqio.v1.5",61652,"TLML_20_TB_4W_TCR-J_Dep_TCR-V_genomic_1000_CAGCGTTA_merged_2500000_sub1.fastq,TLML_20_TB_4W_TCR-J_Dep_TCR-V_genomic_1000_CAGCGTTA_merged_2500000_sub2.fastq",135053,648481,0,392605,332747,51817,11,786327,TLML20gDNA_4W,86.55068,
8,0,170000,559,119848,28323, /mnt/work1/users/pughlab/projects/TLML/downsampling/cdna/TLML_20_TB_4W_TCR-JV_cDNA_14_AGGCTAAC_merged_170000.vdjca," 2.1.12,repseqio.v1.5",2617,"TLML_20_TB_4W_TCR-JV_cDNA_14_AGGCTAAC_merged_170000_sub1.fastq,TLML_20_TB_4W_TCR-JV_cDNA_14_AGGCTAAC_merged_170000_sub2.fastq",4056,4418,0,9929,72430,17773,0,32504,TLML20cDNA_4W,70.49882353,
52,23,2500000,19285,2089963,144932, /mnt/work1/users/pughlab/projects/TLML/downsampling/dna/TLML_20_TB_baseline2_TCR-J_Dep_TCR-V_genomic_1000_CACTTCGA_merged_2500000.vdjca," 2.1.12,repseqio.v1.5",51496,"TLML_20_TB_baseline2_TCR-J_Dep_TCR-V_genomic_1000_CACTTCGA_merged_2500000_sub1.fastq,TLML_20_TB_baseline2_TCR-J_Dep_TCR-V_genomic_1000_CACTTCGA_merged_2500000_sub2.fastq",193334,832846,0,196291,231407,71771,0,810059,TLML20gDNA_BL,83.59852,
8,0,170000,4248,117352,24591, /mnt/work1/users/pughlab/projects/TLML/downsampling/cdna/TLML_20_TB_baseline2_TCR-JV_cDNA_13_AGCCATGC_merged_170000.vdjca," 2.1.12,repseqio.v1.5",2492,"TLML_20_TB_baseline2_TCR-JV_cDNA_13_AGCCATGC_merged_170000_sub1.fastq,TLML_20_TB_baseline2_TCR-JV_cDNA_13_AGCCATGC_merged_170000_sub2.fastq",4525,3869,0,3658,81755,23532,0,23814,TLML20cDNA_BL,69.03058824,
139,39,2500000,18063,2059533,155263, /mnt/work1/users/pughlab/projects/TLML/downsampling/dna/TLML_20_TB_FU1_TCR-J_Dep_TCR-V_genomic_1000_CATACCAA_merged_2500000.vdjca," 2.1.12,repseqio.v1.5",47220,"TLML_20_TB_FU1_TCR-J_Dep_TCR-V_genomic_1000_CATACCAA_merged_2500000_sub1.fastq,TLML_20_TB_FU1_TCR-J_Dep_TCR-V_genomic_1000_CATACCAA_merged_2500000_sub2.fastq",206820,866052,0,184707,235934,78384,0,754599,TLML20gDNA_F1,82.38132,
5,3,170000,4310,110545,26024, /mnt/work1/users/pughlab/projects/TLML/downsampling/cdna/TLML_20_TB_FU1_TCR-JV_cDNA_18_ATAGCGAC_merged_170000.vdjca," 2.1.12,repseqio.v1.5",2456,"TLML_20_TB_FU1_TCR-JV_cDNA_18_ATAGCGAC_merged_170000_sub1.fastq,TLML_20_TB_FU1_TCR-JV_cDNA_18_ATAGCGAC_merged_170000_sub2.fastq",5382,3901,0,6772,69632,28049,0,25922,TLML20cDNA_F1,65.02647059,
164,30,2500000,16882,2067158,151941, /mnt/work1/users/pughlab/projects/TLML/downsampling/dna/TLML_20_TB_FU2_TCR-J_Dep_TCR-V_genomic_1000_CCAGTTCA_merged_2500000.vdjca," 2.1.12,repseqio.v1.5",50216,"TLML_20_TB_FU2_TCR-J_Dep_TCR-V_genomic_1000_CCAGTTCA_merged_2500000_sub1.fastq,TLML_20_TB_FU2_TCR-J_Dep_TCR-V_genomic_1000_CCAGTTCA_merged_2500000_sub2.fastq",201216,823707,0,215801,247865,79685,17,762692,TLML20gDNA_F2,82.68632,
5,0,170000,2748,118010,27088, /mnt/work1/users/pughlab/projects/TLML/downsampling/cdna/TLML_20_TB_FU2_TCR-JV_cDNA_25_ATCATTCC_merged_170000.vdjca," 2.1.12,repseqio.v1.5",2743,"TLML_20_TB_FU2_TCR-JV_cDNA_25_ATCATTCC_merged_170000_sub1.fastq,TLML_20_TB_FU2_TCR-JV_cDNA_25_ATCATTCC_merged_170000_sub2.fastq",3941,4302,0,7608,73417,20961,3,29927,TLML20cDNA_F2,69.41764706,
70,52,2500000,6103,2170325,143821, /mnt/work1/users/pughlab/projects/TLML/downsampling/dna/TLML_20_TB_infusion_TCR-J_Dep_TCR-V_genomic_1000_CAATGGAA_merged_2500000.vdjca," 2.1.12,repseqio.v1.5",64356,"TLML_20_TB_infusion_TCR-J_Dep_TCR-V_genomic_1000_CAATGGAA_merged_2500000_sub1.fastq,TLML_20_TB_infusion_TCR-J_Dep_TCR-V_genomic_1000_CAATGGAA_merged_2500000_sub2.fastq",133670,575919,0,423006,351315,52184,0,813860,TLML20gDNA_TIL,86.813,
0,0,170000,460,120040,27404, /mnt/work1/users/pughlab/projects/TLML/downsampling/cdna/TLML_20_TB_infusion_TCR-JV_cDNA_97_AGCACCTC_merged_170000.vdjca," 2.1.12,repseqio.v1.5",2936,"TLML_20_TB_infusion_TCR-JV_cDNA_97_AGCACCTC_merged_170000_sub1.fastq,TLML_20_TB_infusion_TCR-JV_cDNA_97_AGCACCTC_merged_170000_sub2.fastq",3413,5386,0,2633,76311,19143,0,35250,TLML20cDNA_TIL,70.61176471,
106,1,2500000,13408,2096888,147510, /mnt/work1/users/pughlab/projects/TLML/downsampling/dna/TLML_22_PJ_4W_TCR-J_Dep_TCR-V_genomic_1000_CCTCCTGA_merged_2500000.vdjca," 2.1.12,repseqio.v1.5",50482,"TLML_22_PJ_4W_TCR-J_Dep_TCR-V_genomic_1000_CCTCCTGA_merged_2500000_sub1.fastq,TLML_22_PJ_4W_TCR-J_Dep_TCR-V_genomic_1000_CCTCCTGA_merged_2500000_sub2.fastq",185352,765698,0,268566,272588,70250,0,776521,TLML22gDNA_4W,83.87552,
4,0,170000,232,117532,26101, /mnt/work1/users/pughlab/projects/TLML/downsampling/cdna/TLML_22_PJ_4W_TCR-JV_cDNA_21_CACCTTAC_merged_170000.vdjca," 2.1.12,repseqio.v1.5",2506,"TLML_22_PJ_4W_TCR-JV_cDNA_21_CACCTTAC_merged_170000_sub1.fastq,TLML_22_PJ_4W_TCR-JV_cDNA_21_CACCTTAC_merged_170000_sub2.fastq",3936,3513,0,3765,84825,22431,0,25193,TLML22cDNA_4W,69.13647059,
190,8,2500000,22410,2024287,159043, /mnt/work1/users/pughlab/projects/TLML/downsampling/dna/TLML_22_PJ_baseline_TCR-J_Dep_TCR-V_genomic_1000_CCGTGAGA_merged_2500000.vdjca," 2.1.12,repseqio.v1.5",41624,"TLML_22_PJ_baseline_TCR-J_Dep_TCR-V_genomic_1000_CCGTGAGA_merged_2500000_sub1.fastq,TLML_22_PJ_baseline_TCR-J_Dep_TCR-V_genomic_1000_CCGTGAGA_merged_2500000_sub2.fastq",231189,865856,0,145106,220068,85481,47,770601,TLML22gDNA_BL,80.97148,79.01932869
72,27,2500000,12669,2084259,153868, /mnt/work1/users/pughlab/projects/TLML/downsampling/dna/TLML_22_PJ_FU1_TCR-J_Dep_TCR-V_genomic_1000_CGAACTTA_merged_2500000.vdjca," 2.1.12,repseqio.v1.5",49444,"TLML_22_PJ_FU1_TCR-J_Dep_TCR-V_genomic_1000_CGAACTTA_merged_2500000_sub1.fastq,TLML_22_PJ_FU1_TCR-J_Dep_TCR-V_genomic_1000_CGAACTTA_merged_2500000_sub2.fastq",191786,753846,0,267894,282922,70087,0,766829,TLML22gDNA_F1,83.37036,
1,0,170000,809,118158,26337, /mnt/work1/users/pughlab/projects/TLML/downsampling/cdna/TLML_22_PJ_FU1_TCR-JV_cDNA_16_CCATCCTC_merged_170000.vdjca," 2.1.12,repseqio.v1.5",2669,"TLML_22_PJ_FU1_TCR-JV_cDNA_16_CCATCCTC_merged_170000_sub1.fastq,TLML_22_PJ_FU1_TCR-JV_cDNA_16_CCATCCTC_merged_170000_sub2.fastq",4047,2949,0,3170,89909,21458,0,21320,TLML22cDNA_F1,69.50470588,
162,0,2500000,11011,2089917,156902, /mnt/work1/users/pughlab/projects/TLML/downsampling/dna/TLML_22_PJ_FU2_TCR-J_Dep_TCR-V_genomic_1000_CGACTGGA_merged_2500000.vdjca," 2.1.12,repseqio.v1.5",51742,"TLML_22_PJ_FU2_TCR-J_Dep_TCR-V_genomic_1000_CGACTGGA_merged_2500000_sub1.fastq,TLML_22_PJ_FU2_TCR-J_Dep_TCR-V_genomic_1000_CGACTGGA_merged_2500000_sub2.fastq",185910,729533,0,303495,279447,67271,12,766257,TLML22gDNA_F2,83.59668,
3,0,170000,521,120600,26749, /mnt/work1/users/pughlab/projects/TLML/downsampling/cdna/TLML_22_PJ_FU2_TCR-JV_cDNA_13_CCGACAAC_merged_170000.vdjca," 2.1.12,repseqio.v1.5",3002,"TLML_22_PJ_FU2_TCR-JV_cDNA_13_CCGACAAC_merged_170000_sub1.fastq,TLML_22_PJ_FU2_TCR-JV_cDNA_13_CCGACAAC_merged_170000_sub2.fastq",3484,3666,0,3903,85646,19167,0,26861,TLML22cDNA_F2,70.94117647,
202,0,2500000,10837,2088254,164777, /mnt/work1/users/pughlab/projects/TLML/downsampling/dna/TLML_22_PJ_FU3_TCR-J_Dep_TCR-V_genomic_1000_CGCATACA_merged_2500000.vdjca," 2.1.12,repseqio.v1.5",53169,"TLML_22_PJ_FU3_TCR-J_Dep_TCR-V_genomic_1000_CGCATACA_merged_2500000_sub1.fastq,TLML_22_PJ_FU3_TCR-J_Dep_TCR-V_genomic_1000_CGCATACA_merged_2500000_sub2.fastq",177352,690391,0,323855,292498,69617,0,770471,TLML22gDNA_F3,83.53016,
1,0,170000,1120,119862,27821, /mnt/work1/users/pughlab/projects/TLML/downsampling/cdna/TLML_22_PJ_FU3_TCR-JV_cDNA_16_CCTAATCC_merged_170000.vdjca," 2.1.12,repseqio.v1.5",2875,"TLML_22_PJ_FU3_TCR-JV_cDNA_16_CCTAATCC_merged_170000_sub1.fastq,TLML_22_PJ_FU3_TCR-JV_cDNA_16_CCTAATCC_merged_170000_sub2.fastq",3802,3920,0,5530,80608,18515,0,28683,TLML22cDNA_F3,70.50705882,
127,19,2500000,843,2152080,165373, /mnt/work1/users/pughlab/projects/TLML/downsampling/dna/TLML_22_PJ_infusion_TCR-J_Dep_TCR-V_genomic_1000_CCGAAGTA_merged_2500000.vdjca," 2.1.12,repseqio.v1.5",61633,"TLML_22_PJ_infusion_TCR-J_Dep_TCR-V_genomic_1000_CCGAAGTA_merged_2500000_sub1.fastq,TLML_22_PJ_infusion_TCR-J_Dep_TCR-V_genomic_1000_CCGAAGTA_merged_2500000_sub2.fastq",128287,627045,0,385728,383183,54260,0,755135,TLML22gDNA_TIL,86.0832,
1,0,170000,91,121791,27060, /mnt/work1/users/pughlab/projects/TLML/downsampling/cdna/TLML_22_PJ_infusion_TCR-JV_cDNA_18_ATTGGCTC_merged_170000.vdjca," 2.1.12,repseqio.v1.5",3107,"TLML_22_PJ_infusion_TCR-JV_cDNA_18_ATTGGCTC_merged_170000_sub1.fastq,TLML_22_PJ_infusion_TCR-JV_cDNA_18_ATTGGCTC_merged_170000_sub2.fastq",3164,3792,0,2349,84087,17985,0,31471,TLML22cDNA_TIL,71.64176471,
68,51,2500000,32332,2062369,152692, /mnt/work1/users/pughlab/projects/TLML/downsampling/dna/TLML_29_JC_4W_TCR-J_Dep_TCR-V_genomic_1000_CTGGCATA_merged_2500000.vdjca," 2.1.12,repseqio.v1.5",47967,"TLML_29_JC_4W_TCR-J_Dep_TCR-V_genomic_1000_CTGGCATA_merged_2500000_sub1.fastq,TLML_29_JC_4W_TCR-J_Dep_TCR-V_genomic_1000_CTGGCATA_merged_2500000_sub2.fastq",209119,737327,0,250313,261312,75820,0,780965,TLML29gDNA_4W,82.49476,
1,0,170000,8390,113489,26794, /mnt/work1/users/pughlab/projects/TLML/downsampling/cdna/TLML_29_JC_4W_TCR-JV_cDNA_25_CGGATTGC_merged_170000.vdjca," 2.1.12,repseqio.v1.5",1895,"TLML_29_JC_4W_TCR-JV_cDNA_25_CGGATTGC_merged_170000_sub1.fastq,TLML_29_JC_4W_TCR-JV_cDNA_25_CGGATTGC_merged_170000_sub2.fastq",4108,5023,0,5832,68395,25609,0,25846,TLML29cDNA_4W,66.75823529,
107,0,2500000,22688,2057693,148029, /mnt/work1/users/pughlab/projects/TLML/downsampling/dna/TLML_29_JC_baseline_TCR-J_Dep_TCR-V_genomic_1000_CTGAGCCA_merged_2500000.vdjca," 2.1.12,repseqio.v1.5",44178,"TLML_29_JC_baseline_TCR-J_Dep_TCR-V_genomic_1000_CTGAGCCA_merged_2500000_sub1.fastq,TLML_29_JC_baseline_TCR-J_Dep_TCR-V_genomic_1000_CTGAGCCA_merged_2500000_sub2.fastq",215635,823115,0,190654,242706,78643,0,778423,TLML29gDNA_BL,82.30772,
1,0,170000,2723,106966,31186, /mnt/work1/users/pughlab/projects/TLML/downsampling/cdna/TLML_29_JC_baseline_TCR-JV_cDNA_18_CGACACAC_merged_170000.vdjca," 2.1.12,repseqio.v1.5",2061,"TLML_29_JC_baseline_TCR-JV_cDNA_18_CGACACAC_merged_170000_sub1.fastq,TLML_29_JC_baseline_TCR-JV_cDNA_18_CGACACAC_merged_170000_sub2.fastq",4877,2300,0,3189,82351,26971,0,16402,TLML29cDNA_BL,62.92117647,
133,0,2500000,24498,2153147,148505, /mnt/work1/users/pughlab/projects/TLML/downsampling/dna/TLML_29_JC_infusion_TCR-J_Dep_TCR-V_genomic_1000_CTCAATGA_merged_2500000.vdjca," 2.1.12,repseqio.v1.5",65206,"TLML_29_JC_infusion_TCR-J_Dep_TCR-V_genomic_1000_CTCAATGA_merged_2500000_sub1.fastq,TLML_29_JC_infusion_TCR-J_Dep_TCR-V_genomic_1000_CTCAATGA_merged_2500000_sub2.fastq",142934,639402,0,387860,326595,55414,0,774659,TLML29gDNA_TIL,86.12588,
1,0,170000,4396,120427,28988, /mnt/work1/users/pughlab/projects/TLML/downsampling/cdna/TLML_29_JC_infusion_TCR-JV_cDNA_13_CCTCTATC_merged_170000.vdjca," 2.1.12,repseqio.v1.5",2825,"TLML_29_JC_infusion_TCR-JV_cDNA_13_CCTCTATC_merged_170000_sub1.fastq,TLML_29_JC_infusion_TCR-JV_cDNA_13_CCTCTATC_merged_170000_sub2.fastq",3312,6605,0,4124,64021,17273,0,41280,TLML29cDNA_TIL,70.83941176,
122,21,2500000,12299,2097697,154986, /mnt/work1/users/pughlab/projects/TLML/downsampling/dna/TLML_4_JR_4W_TCR-J_Dep_TCR-V_genomic_1000_AACCGAGA_merged_2500000.vdjca," 2.1.12,repseqio.v1.5",55273,"TLML_4_JR_4W_TCR-J_Dep_TCR-V_genomic_1000_AACCGAGA_merged_2500000_sub1.fastq,TLML_4_JR_4W_TCR-J_Dep_TCR-V_genomic_1000_AACCGAGA_merged_2500000_sub2.fastq",178563,734784,0,264323,283330,68754,0,802818,TLML4gDNA_4W,83.90788,
1,0,170000,74,115893,27657, /mnt/work1/users/pughlab/projects/TLML/downsampling/cdna/TLML_4_JR_4W_TCR-JV_cDNA_32_GTGTTCTA_merged_170000.vdjca," 2.1.12,repseqio.v1.5",2855,"TLML_4_JR_4W_TCR-JV_cDNA_32_GTGTTCTA_merged_170000_sub1.fastq,TLML_4_JR_4W_TCR-JV_cDNA_32_GTGTTCTA_merged_170000_sub2.fastq",3753,3811,0,3732,79562,22697,0,28713,TLML4cDNA_4W,68.17235294,
90,22,2500000,20663,2039418,156264, /mnt/work1/users/pughlab/projects/TLML/downsampling/dna/TLML_4_JR_baseline2_TCR-J_Dep_TCR-V_genomic_1000_AACAACCA_merged_2500000.vdjca," 2.1.12,repseqio.v1.5",44666,"TLML_4_JR_baseline2_TCR-J_Dep_TCR-V_genomic_1000_AACAACCA_merged_2500000_sub1.fastq,TLML_4_JR_baseline2_TCR-J_Dep_TCR-V_genomic_1000_AACAACCA_merged_2500000_sub2.fastq",218490,876174,0,166267,241327,85828,0,734875,TLML4gDNA_BL,81.57672,
14,2,170000,2060,114912,27770, /mnt/work1/users/pughlab/projects/TLML/downsampling/cdna/TLML_4_JR_baseline2_TCR-JV_cDNA_42_GTCTGTCA_merged_170000.vdjca," 2.1.12,repseqio.v1.5",2973,"TLML_4_JR_baseline2_TCR-JV_cDNA_42_GTCTGTCA_merged_170000_sub1.fastq,TLML_4_JR_baseline2_TCR-JV_cDNA_42_GTCTGTCA_merged_170000_sub2.fastq",4554,2302,0,2063,93961,22764,0,14510,TLML4cDNA_BL,67.59529412,
141,21,2500000,9546,2141100,140540, /mnt/work1/users/pughlab/projects/TLML/downsampling/dna/TLML_4_JR_FU1_TCR-J_Dep_TCR-V_genomic_1000_AACGCTTA_merged_2500000.vdjca," 2.1.12,repseqio.v1.5",61044,"TLML_4_JR_FU1_TCR-J_Dep_TCR-V_genomic_1000_AACGCTTA_merged_2500000_sub1.fastq,TLML_4_JR_FU1_TCR-J_Dep_TCR-V_genomic_1000_AACGCTTA_merged_2500000_sub2.fastq",160997,657872,0,298427,320920,57363,0,854172,TLML4gDNA_F1,85.644,
4,0,170000,1775,121148,23873, /mnt/work1/users/pughlab/projects/TLML/downsampling/cdna/TLML_4_JR_FU1_TCR-JV_cDNA_15_TAGGATGA_merged_170000.vdjca," 2.1.12,repseqio.v1.5",2837,"TLML_4_JR_FU1_TCR-JV_cDNA_15_TAGGATGA_merged_170000_sub1.fastq,TLML_4_JR_FU1_TCR-JV_cDNA_15_TAGGATGA_merged_170000_sub2.fastq",4943,2728,0,11705,81261,20036,0,23675,TLML4cDNA_F1,71.26352941,
68,58,2500000,1699,2164834,159908, /mnt/work1/users/pughlab/projects/TLML/downsampling/dna/TLML_4_JR_infusion_TCR-J_Dep_TCR-V_genomic_1000_AGTACAAG_merged_2500000.vdjca," 2.1.12,repseqio.v1.5",66168,"TLML_4_JR_infusion_TCR-J_Dep_TCR-V_genomic_1000_AGTACAAG_merged_2500000_sub1.fastq,TLML_4_JR_infusion_TCR-J_Dep_TCR-V_genomic_1000_AGTACAAG_merged_2500000_sub2.fastq",126333,585023,0,399443,349016,48925,21,829506,TLML4gDNA_TIL,86.59336,
3,0,170000,262,120431,28516, /mnt/work1/users/pughlab/projects/TLML/downsampling/cdna/TLML_4_JR_infusion_TCR-JV_cDNA_13_GTCGTAGA_merged_170000.vdjca," 2.1.12,repseqio.v1.5",2994,"TLML_4_JR_infusion_TCR-JV_cDNA_13_GTCGTAGA_merged_170000_sub1.fastq,TLML_4_JR_infusion_TCR-JV_cDNA_13_GTCGTAGA_merged_170000_sub2.fastq",3677,6179,0,2578,69694,17376,0,41715,TLML4cDNA_TIL,70.84176471,
182,0,2500000,21542,2049268,159076, /mnt/work1/users/pughlab/projects/TLML/downsampling/dna/TLML_7_AL_12W_TCR-J_Dep_TCR-V_genomic_1000_ACAGCAGA_merged_2500000.vdjca," 2.1.12,repseqio.v1.5",50283,"TLML_7_AL_12W_TCR-J_Dep_TCR-V_genomic_1000_ACAGCAGA_merged_2500000_sub1.fastq,TLML_7_AL_12W_TCR-J_Dep_TCR-V_genomic_1000_ACAGCAGA_merged_2500000_sub2.fastq",212480,793157,0,214555,248785,79176,0,771045,TLML7gDNA_12W,81.97072,
5,1,170000,3575,114472,27257, /mnt/work1/users/pughlab/projects/TLML/downsampling/cdna/TLML_7_AL_12W_TCR-JV_cDNA_35_TGAAGAGA_merged_170000.vdjca," 2.1.12,repseqio.v1.5",2651,"TLML_7_AL_12W_TCR-JV_cDNA_35_TGAAGAGA_merged_170000_sub1.fastq,TLML_7_AL_12W_TCR-JV_cDNA_35_TGAAGAGA_merged_170000_sub2.fastq",3931,4170,0,5416,75491,24340,1,25813,TLML7cDNA_12W,67.33647059,
139,10,2500000,22760,2006919,161177, /mnt/work1/users/pughlab/projects/TLML/downsampling/dna/TLML_7_AL_17W_TCR-J_Dep_TCR-V_genomic_1000_ACCTCCAA_merged_2500000.vdjca," 2.1.12,repseqio.v1.5",40759,"TLML_7_AL_17W_TCR-J_Dep_TCR-V_genomic_1000_ACCTCCAA_merged_2500000_sub1.fastq,TLML_7_AL_17W_TCR-J_Dep_TCR-V_genomic_1000_ACCTCCAA_merged_2500000_sub2.fastq",240579,922124,0,112833,215166,91325,0,733887,TLML7gDNA_17W,80.27676,
101,80,2500000,19715,2106576,152223, /mnt/work1/users/pughlab/projects/TLML/downsampling/dna/TLML_7_AL_4W_TCR-J_Dep_TCR-V_genomic_1000_ACACAGAA_merged_2500000.vdjca," 2.1.12,repseqio.v1.5",60113,"TLML_7_AL_4W_TCR-J_Dep_TCR-V_genomic_1000_ACACAGAA_merged_2500000_sub1.fastq,TLML_7_AL_4W_TCR-J_Dep_TCR-V_genomic_1000_ACACAGAA_merged_2500000_sub2.fastq",176868,726584,0,282683,291653,64333,15,785742,TLML7gDNA_4W,84.26304,
2,0,170000,1611,118077,25584, /mnt/work1/users/pughlab/projects/TLML/downsampling/cdna/TLML_7_AL_4W_TCR-JV_cDNA_37_TCTTCACA_merged_170000.vdjca," 2.1.12,repseqio.v1.5",2757,"TLML_7_AL_4W_TCR-JV_cDNA_37_TCTTCACA_merged_170000_sub1.fastq,TLML_7_AL_4W_TCR-JV_cDNA_37_TCTTCACA_merged_170000_sub2.fastq",4018,4995,0,6578,75554,22321,0,29337,TLML7cDNA_4W,69.45705882,
130,17,2500000,18506,2110196,144656, /mnt/work1/users/pughlab/projects/TLML/downsampling/dna/TLML_7_AL_apheresis_TCR-J_Dep_TCR-V_genomic_1000_AAGGTACA_merged_2500000.vdjca," 2.1.12,repseqio.v1.5",51699,"TLML_7_AL_apheresis_TCR-J_Dep_TCR-V_genomic_1000_AAGGTACA_merged_2500000_sub1.fastq,TLML_7_AL_apheresis_TCR-J_Dep_TCR-V_genomic_1000_AAGGTACA_merged_2500000_sub2.fastq",179160,722745,0,259477,278774,65988,0,830547,TLML7gDNA_BL,84.40784,
6,0,170000,3701,120325,24323, /mnt/work1/users/pughlab/projects/TLML/downsampling/cdna/TLML_7_AL_apheresis_TCR-JV_cDNA_21_TCCGTCTA_merged_170000.vdjca," 2.1.12,repseqio.v1.5",2678,"TLML_7_AL_apheresis_TCR-JV_cDNA_21_TCCGTCTA_merged_170000_sub1.fastq,TLML_7_AL_apheresis_TCR-JV_cDNA_21_TCCGTCTA_merged_170000_sub2.fastq",4705,4525,0,5153,80477,20647,0,26463,TLML7cDNA_BL,70.77941176,
55,41,2500000,6766,2190078,144329, /mnt/work1/users/pughlab/projects/TLML/downsampling/dna/TLML_7_AL_infusion_TCR-J_Dep_TCR-V_genomic_1000_AAGACGGA_merged_2500000.vdjca," 2.1.12,repseqio.v1.5",66624,"TLML_7_AL_infusion_TCR-J_Dep_TCR-V_genomic_1000_AAGACGGA_merged_2500000_sub1.fastq,TLML_7_AL_infusion_TCR-J_Dep_TCR-V_genomic_1000_AAGACGGA_merged_2500000_sub2.fastq",126411,554953,0,430794,367787,39182,0,829682,TLML7gDNA_TIL,87.60312,
2,0,170000,1326,121826,24526, /mnt/work1/users/pughlab/projects/TLML/downsampling/cdna/TLML_7_AL_infusion_TCR-JV_cDNA_25_TATCAGCA_merged_170000.vdjca," 2.1.12,repseqio.v1.5",2444,"TLML_7_AL_infusion_TCR-JV_cDNA_25_TATCAGCA_merged_170000_sub1.fastq,TLML_7_AL_infusion_TCR-JV_cDNA_25_TATCAGCA_merged_170000_sub2.fastq",4025,5173,0,5095,80946,19623,0,29284,TLML7cDNA_TIL,71.66235294,