Alignment failed because of absence of CDR3 parts,Alignment failed because of low total score,"Alignment failed, no hits (not TCR/IG?)",Alignment-aided overlaps,chains,IGH chains,IGK chains,IGL chains,Input file(s),Output file(s),Percent Aligned Reads,SampleID,Successfully_aligned_reads,Total sequencing reads,TRA chains,"TRA,TRD chains",TRB chains,TRD chains,TRG chains,Version,only_productive
27418,4180,24474,3155,0,0,0,1,"TLDC_1_VM_4W_TCR-JV_cDNA_20_GAGCTGAA_merged_170000_sub1.fastq,TLDC_1_VM_4W_TCR-JV_cDNA_20_GAGCTGAA_merged_170000_sub2.fastq", /mnt/work1/users/pughlab/projects/TLML/downsampling/cdna/TLDC_1_VM_4W_TCR-JV_cDNA_20_GAGCTGAA_merged_170000.vdjca,67.01647059,TLDC1cDNA_4W,113928,170000,25935,3887,75837,3482,4786," 2.1.12,repseqio.v1.5",4438
25069,4638,19965,3246,0,3,0,0,"TLDC_1_VM_baseline_TCR-JV_cDNA_13_CAAGACTA_merged_170000_sub1.fastq,TLDC_1_VM_baseline_TCR-JV_cDNA_13_CAAGACTA_merged_170000_sub2.fastq", /mnt/work1/users/pughlab/projects/TLML/downsampling/cdna/TLDC_1_VM_baseline_TCR-JV_cDNA_13_CAAGACTA_merged_170000.vdjca,70.78117647,TLDC1cDNA_BL,120328,170000,24357,4853,72087,8125,10903," 2.1.12,repseqio.v1.5",7211
25966,2816,16480,3726,0,0,0,0,"TLDC_1_VM_infusion_TCR-JV_cDNA_27_GAATCTGA_merged_170000_sub1.fastq,TLDC_1_VM_infusion_TCR-JV_cDNA_27_GAATCTGA_merged_170000_sub2.fastq", /mnt/work1/users/pughlab/projects/TLML/downsampling/cdna/TLDC_1_VM_infusion_TCR-JV_cDNA_27_GAATCTGA_merged_170000.vdjca,73.37529412,TLDC1cDNA_TIL,124738,170000,38340,6182,73423,2828,3965," 2.1.12,repseqio.v1.5",831
11017,38095,15249,5554,0,4,0,1,"17_02_TLDC-001-VM-4W_TCR-J_D_TCR-V_cfDNA_252_AGTGGTCA_merged_1000000_sub1.fastq,17_02_TLDC-001-VM-4W_TCR-J_D_TCR-V_cfDNA_252_AGTGGTCA_merged_1000000_sub2.fastq", /mnt/work1/users/pughlab/projects/TLML/downsampling/cfdna/17_02_TLDC-001-VM-4W_TCR-J_D_TCR-V_cfDNA_252_AGTGGTCA_merged_1000000.vdjca,93.5639,TLDC1cfDNA_4W,935639,1000000,668164,49481,118409,24400,75180," 2.1.12,repseqio.v1.5",286
10036,39876,17453,6115,0,4,3,1,"17_02_TLDC-001-VM-BL_TCR-J_D_TCR-V_cfDNA_69_ATGCCTAA_merged_1000000_sub1.fastq,17_02_TLDC-001-VM-BL_TCR-J_D_TCR-V_cfDNA_69_ATGCCTAA_merged_1000000_sub2.fastq", /mnt/work1/users/pughlab/projects/TLML/downsampling/cfdna/17_02_TLDC-001-VM-BL_TCR-J_D_TCR-V_cfDNA_69_ATGCCTAA_merged_1000000.vdjca,93.2635,TLDC1cfDNA_BL,932635,1000000,663172,56736,108564,25160,78995," 2.1.12,repseqio.v1.5",24
146555,202579,75370,50223,0,131,39,0,"TLDC_1_VM_4W_TCR-J_Dep_TCR-V_genomic_1000_ATGCCTAA_merged_2500000_sub1.fastq,TLDC_1_VM_4W_TCR-J_Dep_TCR-V_genomic_1000_ATGCCTAA_merged_2500000_sub2.fastq", /mnt/work1/users/pughlab/projects/TLML/downsampling/dna/TLDC_1_VM_4W_TCR-J_Dep_TCR-V_genomic_1000_ATGCCTAA_merged_2500000.vdjca,83.01984,TLDC1gDNA_4W,2075496,2500000,782828,776490,260905,17315,237788," 2.1.12,repseqio.v1.5",1010
141479,194248,72521,53115,0,97,0,0,"TLDC_1_VM_baseline_TCR-J_Dep_TCR-V_genomic_1000_AAACATCG_merged_2500000_sub1.fastq,TLDC_1_VM_baseline_TCR-J_Dep_TCR-V_genomic_1000_AAACATCG_merged_2500000_sub2.fastq", /mnt/work1/users/pughlab/projects/TLML/downsampling/dna/TLDC_1_VM_baseline_TCR-J_Dep_TCR-V_genomic_1000_AAACATCG_merged_2500000.vdjca,83.67008,TLDC1gDNA_BL,2091752,2500000,764647,768418,271596,25844,261150," 2.1.12,repseqio.v1.5",933
137878,139966,48593,64959,0,67,24,8,"TLDC_1_VM_infusion_TCR-J_Dep_TCR-V_genomic_1000_AACGTGAT_merged_2500000_sub1.fastq,TLDC_1_VM_infusion_TCR-J_Dep_TCR-V_genomic_1000_AACGTGAT_merged_2500000_sub2.fastq", /mnt/work1/users/pughlab/projects/TLML/downsampling/dna/TLDC_1_VM_infusion_TCR-J_Dep_TCR-V_genomic_1000_AACGTGAT_merged_2500000.vdjca,86.94252,TLDC1gDNA_TIL,2173563,2500000,802505,624763,352603,10915,382677," 2.1.12,repseqio.v1.5",357
25395,5297,22537,2695,0,6,2,3,"TLML_16_MT_baseline_TCR-JV_cDNA_19_TGGTGGTA_merged_170000_sub1.fastq,TLML_16_MT_baseline_TCR-JV_cDNA_19_TGGTGGTA_merged_170000_sub2.fastq", /mnt/work1/users/pughlab/projects/TLML/downsampling/cdna/TLML_16_MT_baseline_TCR-JV_cDNA_19_TGGTGGTA_merged_170000.vdjca,68.68882353,TLML16cDNA_BL,116771,170000,30858,4789,72881,3297,4933," 2.1.12,repseqio.v1.5",9642
26549,4360,22228,2801,0,3,1,0,"TLML_16_MT_FU1_TCR-JV_cDNA_20_AACTCACC_merged_170000_sub1.fastq,TLML_16_MT_FU1_TCR-JV_cDNA_20_AACTCACC_merged_170000_sub2.fastq", /mnt/work1/users/pughlab/projects/TLML/downsampling/cdna/TLML_16_MT_FU1_TCR-JV_cDNA_20_AACTCACC_merged_170000.vdjca,68.74294118,TLML16cDNA_F1,116863,170000,29404,4258,70959,3205,9033," 2.1.12,repseqio.v1.5",2299
22096,6041,31191,2214,0,8,3,0,"TLML_16_MT_FU2_TCR-JV_cDNA_28_AAGAGATC_merged_170000_sub1.fastq,TLML_16_MT_FU2_TCR-JV_cDNA_28_AAGAGATC_merged_170000_sub2.fastq", /mnt/work1/users/pughlab/projects/TLML/downsampling/cdna/TLML_16_MT_FU2_TCR-JV_cDNA_28_AAGAGATC_merged_170000.vdjca,65.10117647,TLML16cDNA_F2,110672,170000,19703,3772,69737,8255,9194," 2.1.12,repseqio.v1.5",1459
22516,6159,26930,2664,0,12,4,5,"TLML_16_MT_FU3_TCR-JV_cDNA_20_AAGGACAC_merged_170000_sub1.fastq,TLML_16_MT_FU3_TCR-JV_cDNA_20_AAGGACAC_merged_170000_sub2.fastq", /mnt/work1/users/pughlab/projects/TLML/downsampling/cdna/TLML_16_MT_FU3_TCR-JV_cDNA_20_AAGGACAC_merged_170000.vdjca,67.29117647,TLML16cDNA_F3,114395,170000,23737,6982,65439,7956,10260," 2.1.12,repseqio.v1.5",1421
22330,5441,28496,2531,0,6,1,1,"TLML_16_MT_FU4_TCR-JV_cDNA_27_AATCCGTC_merged_170000_sub1.fastq,TLML_16_MT_FU4_TCR-JV_cDNA_27_AATCCGTC_merged_170000_sub2.fastq", /mnt/work1/users/pughlab/projects/TLML/downsampling/cdna/TLML_16_MT_FU4_TCR-JV_cDNA_27_AATCCGTC_merged_170000.vdjca,66.90176471,TLML16cDNA_F4,113733,170000,18596,2620,75749,8962,7798," 2.1.12,repseqio.v1.5",1837
23220,5589,23557,2480,0,9,0,2,"TLML_16_MT_FU5_TCR-JV_cDNA_34_AATGTTGC_merged_170000_sub1.fastq,TLML_16_MT_FU5_TCR-JV_cDNA_34_AATGTTGC_merged_170000_sub2.fastq", /mnt/work1/users/pughlab/projects/TLML/downsampling/cdna/TLML_16_MT_FU5_TCR-JV_cDNA_34_AATGTTGC_merged_170000.vdjca,69.19647059,TLML16cDNA_F5,117634,170000,19742,3003,69265,13963,11650," 2.1.12,repseqio.v1.5",2988
26889,3166,18031,3234,0,0,0,0,"TLML_16_MT_infusion_TCR-JV_cDNA_15_TGGCTTCA_merged_170000_sub1.fastq,TLML_16_MT_infusion_TCR-JV_cDNA_15_TGGCTTCA_merged_170000_sub2.fastq", /mnt/work1/users/pughlab/projects/TLML/downsampling/cdna/TLML_16_MT_infusion_TCR-JV_cDNA_15_TGGCTTCA_merged_170000.vdjca,71.71411765,TLML16cDNA_TIL,121914,170000,33416,4799,80225,189,3285," 2.1.12,repseqio.v1.5",1686
13207,42353,20007,6187,0,3,0,0,"17_02_TLML-016-MT-4W_TCR-J_D_TCR-V_cfDNA_342_ACAGATTC_merged_1000000_sub1.fastq,17_02_TLML-016-MT-4W_TCR-J_D_TCR-V_cfDNA_342_ACAGATTC_merged_1000000_sub2.fastq", /mnt/work1/users/pughlab/projects/TLML/downsampling/cfdna/17_02_TLML-016-MT-4W_TCR-J_D_TCR-V_cfDNA_342_ACAGATTC_merged_1000000.vdjca,92.4433,TLML16cfDNA_4W,924433,1000000,587487,150821,106847,23690,55585," 2.1.12,repseqio.v1.5",34
11914,35953,15548,7217,0,7,3,0,"17_02_TLML-016-MT-BL_TCR-J_D_TCR-V_cfDNA_132_ACACGACC_merged_1000000_sub1.fastq,17_02_TLML-016-MT-BL_TCR-J_D_TCR-V_cfDNA_132_ACACGACC_merged_1000000_sub2.fastq", /mnt/work1/users/pughlab/projects/TLML/downsampling/cfdna/17_02_TLML-016-MT-BL_TCR-J_D_TCR-V_cfDNA_132_ACACGACC_merged_1000000.vdjca,93.6585,TLML16cfDNA_BL,936585,1000000,594132,150181,111420,23589,57253," 2.1.12,repseqio.v1.5",24
152858,233783,85301,40348,0,65,52,2,"TLML_16_MT_4W_TCR-J_Dep_TCR-V_genomic_1000_ACTATGCA_merged_2500000_sub1.fastq,TLML_16_MT_4W_TCR-J_Dep_TCR-V_genomic_1000_ACTATGCA_merged_2500000_sub2.fastq", /mnt/work1/users/pughlab/projects/TLML/downsampling/dna/TLML_16_MT_4W_TCR-J_Dep_TCR-V_genomic_1000_ACTATGCA_merged_2500000.vdjca,81.12232,TLML16gDNA_4W,2028058,2500000,759455,882617,229145,23023,133699," 2.1.12,repseqio.v1.5",200
158601,201388,76752,49314,0,55,0,0,"TLML_16_MT_baseline_TCR-J_Dep_TCR-V_genomic_1000_ACGTATCA_merged_2500000_sub1.fastq,TLML_16_MT_baseline_TCR-J_Dep_TCR-V_genomic_1000_ACGTATCA_merged_2500000_sub2.fastq", /mnt/work1/users/pughlab/projects/TLML/downsampling/dna/TLML_16_MT_baseline_TCR-J_Dep_TCR-V_genomic_1000_ACGTATCA_merged_2500000.vdjca,82.53036,TLML16gDNA_BL,2063259,2500000,793621,776290,258484,17822,216984," 2.1.12,repseqio.v1.5",1273
146495,223005,79742,45662,0,141,27,0,"TLML_16_MT_FU1_TCR-J_Dep_TCR-V_genomic_1000_AGAGTCAA_merged_2500000_sub1.fastq,TLML_16_MT_FU1_TCR-J_Dep_TCR-V_genomic_1000_AGAGTCAA_merged_2500000_sub2.fastq", /mnt/work1/users/pughlab/projects/TLML/downsampling/dna/TLML_16_MT_FU1_TCR-J_Dep_TCR-V_genomic_1000_AGAGTCAA_merged_2500000.vdjca,82.03032,TLML16gDNA_F1,2050758,2500000,772900,825787,248536,19964,183403," 2.1.12,repseqio.v1.5",280
144621,231599,81543,42643,0,154,14,0,"TLML_16_MT_FU2_TCR-J_Dep_TCR-V_genomic_1000_AGATCGCA_merged_2500000_sub1.fastq,TLML_16_MT_FU2_TCR-J_Dep_TCR-V_genomic_1000_AGATCGCA_merged_2500000_sub2.fastq", /mnt/work1/users/pughlab/projects/TLML/downsampling/dna/TLML_16_MT_FU2_TCR-J_Dep_TCR-V_genomic_1000_AGATCGCA_merged_2500000.vdjca,81.68948,TLML16gDNA_F2,2042237,2500000,755936,882227,232933,22268,148704," 2.1.12,repseqio.v1.5",231
155342,236099,87176,41038,0,98,0,7,"TLML_16_MT_FU3_TCR-J_Dep_TCR-V_genomic_1000_AGCAGGAA_merged_2500000_sub1.fastq,TLML_16_MT_FU3_TCR-J_Dep_TCR-V_genomic_1000_AGCAGGAA_merged_2500000_sub2.fastq", /mnt/work1/users/pughlab/projects/TLML/downsampling/dna/TLML_16_MT_FU3_TCR-J_Dep_TCR-V_genomic_1000_AGCAGGAA_merged_2500000.vdjca,80.85532,TLML16gDNA_F3,2021383,2500000,773524,863261,225574,23877,135041," 2.1.12,repseqio.v1.5",247
150143,229962,85283,40948,0,64,8,0,"TLML_16_MT_FU4_TCR-J_Dep_TCR-V_genomic_1000_AGTCACTA_merged_2500000_sub1.fastq,TLML_16_MT_FU4_TCR-J_Dep_TCR-V_genomic_1000_AGTCACTA_merged_2500000_sub2.fastq", /mnt/work1/users/pughlab/projects/TLML/downsampling/dna/TLML_16_MT_FU4_TCR-J_Dep_TCR-V_genomic_1000_AGTCACTA_merged_2500000.vdjca,81.38448,TLML16gDNA_F4,2034612,2500000,772517,859939,233317,23664,145103," 2.1.12,repseqio.v1.5",349
161355,234903,89553,44424,0,210,0,0,"TLML_16_MT_FU5_TCR-J_Dep_TCR-V_genomic_1000_ATCCTGTA_merged_2500000_sub1.fastq,TLML_16_MT_FU5_TCR-J_Dep_TCR-V_genomic_1000_ATCCTGTA_merged_2500000_sub2.fastq", /mnt/work1/users/pughlab/projects/TLML/downsampling/dna/TLML_16_MT_FU5_TCR-J_Dep_TCR-V_genomic_1000_ATCCTGTA_merged_2500000.vdjca,80.56756,TLML16gDNA_F5,2014189,2500000,753761,839652,236270,24298,159998," 2.1.12,repseqio.v1.5",284
154736,127675,54710,67289,0,105,21,9,"TLML_16_MT_infusion_TCR-J_Dep_TCR-V_genomic_1000_ACGCTCGA_merged_2500000_sub1.fastq,TLML_16_MT_infusion_TCR-J_Dep_TCR-V_genomic_1000_ACGCTCGA_merged_2500000_sub2.fastq", /mnt/work1/users/pughlab/projects/TLML/downsampling/dna/TLML_16_MT_infusion_TCR-J_Dep_TCR-V_genomic_1000_ACGCTCGA_merged_2500000.vdjca,86.51516,TLML16gDNA_TIL,2162879,2500000,794791,587690,352778,1640,425845," 2.1.12,repseqio.v1.5",691
29234,5151,31530,2167,0,1,0,0,"TLML_18_CKN_4W_TCR-JV_cDNA_34_AGATGTAC_merged_170000_sub1.fastq,TLML_18_CKN_4W_TCR-JV_cDNA_34_AGATGTAC_merged_170000_sub2.fastq", /mnt/work1/users/pughlab/projects/TLML/downsampling/cdna/TLML_18_CKN_4W_TCR-JV_cDNA_34_AGATGTAC_merged_170000.vdjca,61.22647059,TLML18cDNA_4W,104085,170000,17542,2865,68758,6500,8419," 2.1.12,repseqio.v1.5",1528
25421,4806,24196,2552,0,21,3,1,"TLML_18_CKN_apheresis_TCR-JV_cDNA_57_ACAGATTC_merged_170000_sub1.fastq,TLML_18_CKN_apheresis_TCR-JV_cDNA_57_ACAGATTC_merged_170000_sub2.fastq", /mnt/work1/users/pughlab/projects/TLML/downsampling/cdna/TLML_18_CKN_apheresis_TCR-JV_cDNA_57_ACAGATTC_merged_170000.vdjca,67.98647059,TLML18cDNA_BL,115577,170000,24553,5143,77862,2909,5085," 2.1.12,repseqio.v1.5",8507
29731,3788,17636,2674,0,1,0,0,"TLML_18_CKN_infusion_TCR-JV_cDNA_13_ACACGACC_merged_170000_sub1.fastq,TLML_18_CKN_infusion_TCR-JV_cDNA_13_ACACGACC_merged_170000_sub2.fastq", /mnt/work1/users/pughlab/projects/TLML/downsampling/cdna/TLML_18_CKN_infusion_TCR-JV_cDNA_13_ACACGACC_merged_170000.vdjca,69.90882353,TLML18cDNA_TIL,118845,170000,43040,6562,67902,120,1220," 2.1.12,repseqio.v1.5",892
143175,224237,79342,42863,0,175,0,0,"TLML_18_CKN_4W_TCR-J_Dep_TCR-V_genomic_1000_GACTAGTA_merged_2500000_sub1.fastq,TLML_18_CKN_4W_TCR-J_Dep_TCR-V_genomic_1000_GACTAGTA_merged_2500000_sub2.fastq", /mnt/work1/users/pughlab/projects/TLML/downsampling/dna/TLML_18_CKN_4W_TCR-J_Dep_TCR-V_genomic_1000_GACTAGTA_merged_2500000.vdjca,82.12984,TLML18gDNA_4W,2053246,2500000,777011,854610,238859,21295,161296," 2.1.12,repseqio.v1.5",230
151832,218275,86647,45258,0,90,42,28,"TLML_18_CKN_apheresis_TCR-J_Dep_TCR-V_genomic_1000_CAACCACA_merged_2500000_sub1.fastq,TLML_18_CKN_apheresis_TCR-J_Dep_TCR-V_genomic_1000_CAACCACA_merged_2500000_sub2.fastq", /mnt/work1/users/pughlab/projects/TLML/downsampling/dna/TLML_18_CKN_apheresis_TCR-J_Dep_TCR-V_genomic_1000_CAACCACA_merged_2500000.vdjca,81.72984,TLML18gDNA_BL,2043246,2500000,819336,826114,220611,22315,154710," 2.1.12,repseqio.v1.5",555
161626,132452,58155,63944,0,259,13,0,"TLML_18_CKN_infusion_TCR-J_Dep_TCR-V_genomic_500_ATTGAGGA_merged_2500000_sub1.fastq,TLML_18_CKN_infusion_TCR-J_Dep_TCR-V_genomic_500_ATTGAGGA_merged_2500000_sub2.fastq", /mnt/work1/users/pughlab/projects/TLML/downsampling/dna/TLML_18_CKN_infusion_TCR-J_Dep_TCR-V_genomic_500_ATTGAGGA_merged_2500000.vdjca,85.91068,TLML18gDNA_TIL,2147767,2500000,853862,547187,341515,1203,403728," 2.1.12,repseqio.v1.5",350
24887,3670,22871,3249,0,0,0,0,"TLML_1_AT_4W_TCR-JV_cDNA_69_GATAGACA_merged_170000_sub1.fastq,TLML_1_AT_4W_TCR-JV_cDNA_69_GATAGACA_merged_170000_sub2.fastq", /mnt/work1/users/pughlab/projects/TLML/downsampling/cdna/TLML_1_AT_4W_TCR-JV_cDNA_69_GATAGACA_merged_170000.vdjca,69.74823529,TLML1cDNA_4W,118572,170000,26302,3649,81401,1614,5606," 2.1.12,repseqio.v1.5",4869
36973,8832,27868,2374,0,2,1,0,"TLML_1_AT_FU10_TCR-JV_cDNA_33_GCTAACGA_merged_170000_sub1.fastq,TLML_1_AT_FU10_TCR-JV_cDNA_33_GCTAACGA_merged_170000_sub2.fastq", /mnt/work1/users/pughlab/projects/TLML/downsampling/cdna/TLML_1_AT_FU10_TCR-JV_cDNA_33_GCTAACGA_merged_170000.vdjca,56.66294118,TLML1cDNA_F10,96327,170000,19016,4542,63310,3558,5898," 2.1.12,repseqio.v1.5",7619
20195,5295,27434,2552,0,11,2,1,"TLML_1_AT_FU12_TCR-JV_cDNA_24_GCTCGGTA_merged_170000_sub1.fastq,TLML_1_AT_FU12_TCR-JV_cDNA_24_GCTCGGTA_merged_170000_sub2.fastq", /mnt/work1/users/pughlab/projects/TLML/downsampling/cdna/TLML_1_AT_FU12_TCR-JV_cDNA_24_GCTCGGTA_merged_170000.vdjca,68.86823529,TLML1cDNA_F12,117076,170000,15888,2790,90475,4161,3748," 2.1.12,repseqio.v1.5",5646
23050,5259,23410,2454,0,11,2,1,"TLML_1_AT_FU13_TCR-JV_cDNA_21_GGAGAACA_merged_170000_sub1.fastq,TLML_1_AT_FU13_TCR-JV_cDNA_21_GGAGAACA_merged_170000_sub2.fastq", /mnt/work1/users/pughlab/projects/TLML/downsampling/cdna/TLML_1_AT_FU13_TCR-JV_cDNA_21_GGAGAACA_merged_170000.vdjca,69.57705882,TLML1cDNA_F13,118281,170000,20243,3123,85670,4147,5084," 2.1.12,repseqio.v1.5",9586
22930,4905,24122,2807,0,18,0,1,"TLML_1_AT_FU16_TCR-JV_cDNA_13_GTACGCAA_merged_170000_sub1.fastq,TLML_1_AT_FU16_TCR-JV_cDNA_13_GTACGCAA_merged_170000_sub2.fastq", /mnt/work1/users/pughlab/projects/TLML/downsampling/cdna/TLML_1_AT_FU16_TCR-JV_cDNA_13_GTACGCAA_merged_170000.vdjca,69.43705882,TLML1cDNA_F16,118043,170000,21821,3397,84443,3458,4905," 2.1.12,repseqio.v1.5",6961
25217,4420,20955,3206,1,10,0,2,"TLML_1_AT_FU7_TCR-JV_cDNA_18_GCCACATA_merged_170000_sub1.fastq,TLML_1_AT_FU7_TCR-JV_cDNA_18_GCCACATA_merged_170000_sub2.fastq", /mnt/work1/users/pughlab/projects/TLML/downsampling/cdna/TLML_1_AT_FU7_TCR-JV_cDNA_18_GCCACATA_merged_170000.vdjca,70.24,TLML1cDNA_F7,119408,170000,25382,3905,81600,2789,5719," 2.1.12,repseqio.v1.5",10992
32988,117529,64466,43177,0,0,0,0,"TLML-001-AT_A_B_DNA_S1_2500000_sub1.fastq,TLML-001-AT_A_B_DNA_S1_2500000_sub2.fastq", /mnt/work1/users/pughlab/projects/TLML/downsampling/TLML-001-AT_A_B_DNA_S1_2500000.vdjca,91.40068,TLML1gDNA_BL,2285017,2500000,370757,1713374,73430,11279,116119," 2.1.12,repseqio.v1.5",433
43996,116680,58829,46651,0,15,0,0,"TLML-001-AT_FU-01_B_DNA_S2_2500000_sub1.fastq,TLML-001-AT_FU-01_B_DNA_S2_2500000_sub2.fastq", /mnt/work1/users/pughlab/projects/TLML/downsampling/TLML-001-AT_FU-01_B_DNA_S2_2500000.vdjca,91.2198,TLML1gDNA_F1,2280495,2500000,419098,1590615,102460,10492,157815," 2.1.12,repseqio.v1.5",525
41182,126246,65556,44626,0,0,15,0,"TLML-001-AT_FU-02_B_DNA_S6_2500000_sub1.fastq,TLML-001-AT_FU-02_B_DNA_S6_2500000_sub2.fastq", /mnt/work1/users/pughlab/projects/TLML/downsampling/TLML-001-AT_FU-02_B_DNA_S6_2500000.vdjca,90.68064,TLML1gDNA_F2,2267016,2500000,453340,1538845,109882,10924,154010," 2.1.12,repseqio.v1.5",885
41136,129408,76838,44050,0,12,0,0,"TLML-001-AT_FU-03_B_DNA_S7_2500000_sub1.fastq,TLML-001-AT_FU-03_B_DNA_S7_2500000_sub2.fastq", /mnt/work1/users/pughlab/projects/TLML/downsampling/TLML-001-AT_FU-03_B_DNA_S7_2500000.vdjca,90.10472,TLML1gDNA_F3,2252618,2500000,403791,1640960,81382,11291,115182," 2.1.12,repseqio.v1.5",423
66679,74614,32563,62204,0,29,0,0,"TLML-001-AT_Infusion_L_DNA_S8_2500000_sub1.fastq,TLML-001-AT_Infusion_L_DNA_S8_2500000_sub2.fastq", /mnt/work1/users/pughlab/projects/TLML/downsampling/TLML-001-AT_Infusion_L_DNA_S8_2500000.vdjca,93.04576,TLML1gDNA_TIL,2326144,2500000,545968,1235785,213551,2473,328317," 2.1.12,repseqio.v1.5",463
28323,4056,17773,2617,0,8,0,0,"TLML_20_TB_4W_TCR-JV_cDNA_14_AGGCTAAC_merged_170000_sub1.fastq,TLML_20_TB_4W_TCR-JV_cDNA_14_AGGCTAAC_merged_170000_sub2.fastq", /mnt/work1/users/pughlab/projects/TLML/downsampling/cdna/TLML_20_TB_4W_TCR-JV_cDNA_14_AGGCTAAC_merged_170000.vdjca,70.49882353,TLML20cDNA_4W,119848,170000,32504,4418,72430,559,9929," 2.1.12,repseqio.v1.5",2348
24591,4525,23532,2492,0,8,0,0,"TLML_20_TB_baseline2_TCR-JV_cDNA_13_AGCCATGC_merged_170000_sub1.fastq,TLML_20_TB_baseline2_TCR-JV_cDNA_13_AGCCATGC_merged_170000_sub2.fastq", /mnt/work1/users/pughlab/projects/TLML/downsampling/cdna/TLML_20_TB_baseline2_TCR-JV_cDNA_13_AGCCATGC_merged_170000.vdjca,69.03058824,TLML20cDNA_BL,117352,170000,23814,3869,81755,4248,3658," 2.1.12,repseqio.v1.5",10177
26024,5382,28049,2456,0,5,3,0,"TLML_20_TB_FU1_TCR-JV_cDNA_18_ATAGCGAC_merged_170000_sub1.fastq,TLML_20_TB_FU1_TCR-JV_cDNA_18_ATAGCGAC_merged_170000_sub2.fastq", /mnt/work1/users/pughlab/projects/TLML/downsampling/cdna/TLML_20_TB_FU1_TCR-JV_cDNA_18_ATAGCGAC_merged_170000.vdjca,65.02647059,TLML20cDNA_F1,110545,170000,25922,3901,69632,4310,6772," 2.1.12,repseqio.v1.5",5256
27088,3941,20961,2743,0,5,0,3,"TLML_20_TB_FU2_TCR-JV_cDNA_25_ATCATTCC_merged_170000_sub1.fastq,TLML_20_TB_FU2_TCR-JV_cDNA_25_ATCATTCC_merged_170000_sub2.fastq", /mnt/work1/users/pughlab/projects/TLML/downsampling/cdna/TLML_20_TB_FU2_TCR-JV_cDNA_25_ATCATTCC_merged_170000.vdjca,69.41764706,TLML20cDNA_F2,118010,170000,29927,4302,73417,2748,7608," 2.1.12,repseqio.v1.5",7436
27404,3413,19143,2936,0,0,0,0,"TLML_20_TB_infusion_TCR-JV_cDNA_97_AGCACCTC_merged_170000_sub1.fastq,TLML_20_TB_infusion_TCR-JV_cDNA_97_AGCACCTC_merged_170000_sub2.fastq", /mnt/work1/users/pughlab/projects/TLML/downsampling/cdna/TLML_20_TB_infusion_TCR-JV_cDNA_97_AGCACCTC_merged_170000.vdjca,70.61176471,TLML20cDNA_TIL,120040,170000,35250,5386,76311,460,2633," 2.1.12,repseqio.v1.5",3255
14932,35876,15267,6848,0,7,0,0,"17_02_TLML-020-TB-4W_TCR-J_D_TCR-V_cfDNA_263_AATGTTGC_merged_1000000_sub1.fastq,17_02_TLML-020-TB-4W_TCR-J_D_TCR-V_cfDNA_263_AATGTTGC_merged_1000000_sub2.fastq", /mnt/work1/users/pughlab/projects/TLML/downsampling/cfdna/17_02_TLML-020-TB-4W_TCR-J_D_TCR-V_cfDNA_263_AATGTTGC_merged_1000000.vdjca,93.3925,TLML20cfDNA_4W,933925,1000000,570151,172097,99641,19075,72954," 2.1.12,repseqio.v1.5",213
12541,42428,20103,5390,0,7,2,0,"17_02_TLML-020-TB-BL_TCR-J_D_TCR-V_cfDNA_74_AATCCGTC_merged_1000000_sub1.fastq,17_02_TLML-020-TB-BL_TCR-J_D_TCR-V_cfDNA_74_AATCCGTC_merged_1000000_sub2.fastq", /mnt/work1/users/pughlab/projects/TLML/downsampling/cfdna/17_02_TLML-020-TB-BL_TCR-J_D_TCR-V_cfDNA_74_AATCCGTC_merged_1000000.vdjca,92.4928,TLML20cfDNA_BL,924928,1000000,589512,153570,105327,23488,53022," 2.1.12,repseqio.v1.5",23
149363,135053,51817,61652,0,211,13,11,"TLML_20_TB_4W_TCR-J_Dep_TCR-V_genomic_1000_CAGCGTTA_merged_2500000_sub1.fastq,TLML_20_TB_4W_TCR-J_Dep_TCR-V_genomic_1000_CAGCGTTA_merged_2500000_sub2.fastq", /mnt/work1/users/pughlab/projects/TLML/downsampling/dna/TLML_20_TB_4W_TCR-J_Dep_TCR-V_genomic_1000_CAGCGTTA_merged_2500000.vdjca,86.55068,TLML20gDNA_4W,2163767,2500000,786327,648481,332747,3371,392605," 2.1.12,repseqio.v1.5",740
144932,193334,71771,51496,0,52,23,0,"TLML_20_TB_baseline2_TCR-J_Dep_TCR-V_genomic_1000_CACTTCGA_merged_2500000_sub1.fastq,TLML_20_TB_baseline2_TCR-J_Dep_TCR-V_genomic_1000_CACTTCGA_merged_2500000_sub2.fastq", /mnt/work1/users/pughlab/projects/TLML/downsampling/dna/TLML_20_TB_baseline2_TCR-J_Dep_TCR-V_genomic_1000_CACTTCGA_merged_2500000.vdjca,83.59852,TLML20gDNA_BL,2089963,2500000,810059,832846,231407,19285,196291," 2.1.12,repseqio.v1.5",1060
155263,206820,78384,47220,0,139,39,0,"TLML_20_TB_FU1_TCR-J_Dep_TCR-V_genomic_1000_CATACCAA_merged_2500000_sub1.fastq,TLML_20_TB_FU1_TCR-J_Dep_TCR-V_genomic_1000_CATACCAA_merged_2500000_sub2.fastq", /mnt/work1/users/pughlab/projects/TLML/downsampling/dna/TLML_20_TB_FU1_TCR-J_Dep_TCR-V_genomic_1000_CATACCAA_merged_2500000.vdjca,82.38132,TLML20gDNA_F1,2059533,2500000,754599,866052,235934,18063,184707," 2.1.12,repseqio.v1.5",768
151941,201216,79685,50216,0,164,30,17,"TLML_20_TB_FU2_TCR-J_Dep_TCR-V_genomic_1000_CCAGTTCA_merged_2500000_sub1.fastq,TLML_20_TB_FU2_TCR-J_Dep_TCR-V_genomic_1000_CCAGTTCA_merged_2500000_sub2.fastq", /mnt/work1/users/pughlab/projects/TLML/downsampling/dna/TLML_20_TB_FU2_TCR-J_Dep_TCR-V_genomic_1000_CCAGTTCA_merged_2500000.vdjca,82.68632,TLML20gDNA_F2,2067158,2500000,762692,823707,247865,16882,215801," 2.1.12,repseqio.v1.5",690
143821,133670,52184,64356,0,70,52,0,"TLML_20_TB_infusion_TCR-J_Dep_TCR-V_genomic_1000_CAATGGAA_merged_2500000_sub1.fastq,TLML_20_TB_infusion_TCR-J_Dep_TCR-V_genomic_1000_CAATGGAA_merged_2500000_sub2.fastq", /mnt/work1/users/pughlab/projects/TLML/downsampling/dna/TLML_20_TB_infusion_TCR-J_Dep_TCR-V_genomic_1000_CAATGGAA_merged_2500000.vdjca,86.813,TLML20gDNA_TIL,2170325,2500000,813860,575919,351315,6103,423006," 2.1.12,repseqio.v1.5",1161
26101,3936,22431,2506,0,4,0,0,"TLML_22_PJ_4W_TCR-JV_cDNA_21_CACCTTAC_merged_170000_sub1.fastq,TLML_22_PJ_4W_TCR-JV_cDNA_21_CACCTTAC_merged_170000_sub2.fastq", /mnt/work1/users/pughlab/projects/TLML/downsampling/cdna/TLML_22_PJ_4W_TCR-JV_cDNA_21_CACCTTAC_merged_170000.vdjca,69.13647059,TLML22cDNA_4W,117532,170000,25193,3513,84825,232,3765," 2.1.12,repseqio.v1.5",1496
26337,4047,21458,2669,0,1,0,0,"TLML_22_PJ_FU1_TCR-JV_cDNA_16_CCATCCTC_merged_170000_sub1.fastq,TLML_22_PJ_FU1_TCR-JV_cDNA_16_CCATCCTC_merged_170000_sub2.fastq", /mnt/work1/users/pughlab/projects/TLML/downsampling/cdna/TLML_22_PJ_FU1_TCR-JV_cDNA_16_CCATCCTC_merged_170000.vdjca,69.50470588,TLML22cDNA_F1,118158,170000,21320,2949,89909,809,3170," 2.1.12,repseqio.v1.5",1939
26749,3484,19167,3002,0,3,0,0,"TLML_22_PJ_FU2_TCR-JV_cDNA_13_CCGACAAC_merged_170000_sub1.fastq,TLML_22_PJ_FU2_TCR-JV_cDNA_13_CCGACAAC_merged_170000_sub2.fastq", /mnt/work1/users/pughlab/projects/TLML/downsampling/cdna/TLML_22_PJ_FU2_TCR-JV_cDNA_13_CCGACAAC_merged_170000.vdjca,70.94117647,TLML22cDNA_F2,120600,170000,26861,3666,85646,521,3903," 2.1.12,repseqio.v1.5",2501
27821,3802,18515,2875,0,1,0,0,"TLML_22_PJ_FU3_TCR-JV_cDNA_16_CCTAATCC_merged_170000_sub1.fastq,TLML_22_PJ_FU3_TCR-JV_cDNA_16_CCTAATCC_merged_170000_sub2.fastq", /mnt/work1/users/pughlab/projects/TLML/downsampling/cdna/TLML_22_PJ_FU3_TCR-JV_cDNA_16_CCTAATCC_merged_170000.vdjca,70.50705882,TLML22cDNA_F3,119862,170000,28683,3920,80608,1120,5530," 2.1.12,repseqio.v1.5",2369
27060,3164,17985,3107,0,1,0,0,"TLML_22_PJ_infusion_TCR-JV_cDNA_18_ATTGGCTC_merged_170000_sub1.fastq,TLML_22_PJ_infusion_TCR-JV_cDNA_18_ATTGGCTC_merged_170000_sub2.fastq", /mnt/work1/users/pughlab/projects/TLML/downsampling/cdna/TLML_22_PJ_infusion_TCR-JV_cDNA_18_ATTGGCTC_merged_170000.vdjca,71.64176471,TLML22cDNA_TIL,121791,170000,31471,3792,84087,91,2349," 2.1.12,repseqio.v1.5",2756
12037,39195,17998,7619,0,2,1,5,"17_02_TLML-022-PJ-4W_TCR-J_D_TCR-V_cfDNA_690_AAGGACAC_merged_1000000_sub1.fastq,17_02_TLML-022-PJ-4W_TCR-J_D_TCR-V_cfDNA_690_AAGGACAC_merged_1000000_sub2.fastq", /mnt/work1/users/pughlab/projects/TLML/downsampling/cfdna/17_02_TLML-022-PJ-4W_TCR-J_D_TCR-V_cfDNA_690_AAGGACAC_merged_1000000.vdjca,93.077,TLML22cfDNA_4W,930770,1000000,653864,76222,112177,22882,65617," 2.1.12,repseqio.v1.5",201
13190,40304,20804,7074,0,4,1,1,"17_02_TLML-022-PJ-BL_TCR-J_D_TCR-V_cfDNA_882_AAGAGATC_merged_1000000_sub1.fastq,17_02_TLML-022-PJ-BL_TCR-J_D_TCR-V_cfDNA_882_AAGAGATC_merged_1000000_sub2.fastq", /mnt/work1/users/pughlab/projects/TLML/downsampling/cfdna/17_02_TLML-022-PJ-BL_TCR-J_D_TCR-V_cfDNA_882_AAGAGATC_merged_1000000.vdjca,92.5702,TLML22cfDNA_BL,925702,1000000,646884,84763,101999,22486,69564," 2.1.12,repseqio.v1.5",101
147510,185352,70250,50482,0,106,1,0,"TLML_22_PJ_4W_TCR-J_Dep_TCR-V_genomic_1000_CCTCCTGA_merged_2500000_sub1.fastq,TLML_22_PJ_4W_TCR-J_Dep_TCR-V_genomic_1000_CCTCCTGA_merged_2500000_sub2.fastq", /mnt/work1/users/pughlab/projects/TLML/downsampling/dna/TLML_22_PJ_4W_TCR-J_Dep_TCR-V_genomic_1000_CCTCCTGA_merged_2500000.vdjca,83.87552,TLML22gDNA_4W,2096888,2500000,776521,765698,272588,13408,268566," 2.1.12,repseqio.v1.5",501
159043,231189,85481,41624,0,190,8,47,"TLML_22_PJ_baseline_TCR-J_Dep_TCR-V_genomic_1000_CCGTGAGA_merged_2500000_sub1.fastq,TLML_22_PJ_baseline_TCR-J_Dep_TCR-V_genomic_1000_CCGTGAGA_merged_2500000_sub2.fastq", /mnt/work1/users/pughlab/projects/TLML/downsampling/dna/TLML_22_PJ_baseline_TCR-J_Dep_TCR-V_genomic_1000_CCGTGAGA_merged_2500000.vdjca,80.97148,TLML22gDNA_BL,2024287,2500000,770601,865856,220068,22410,145106," 2.1.12,repseqio.v1.5",352
153868,191786,70087,49444,0,72,27,0,"TLML_22_PJ_FU1_TCR-J_Dep_TCR-V_genomic_1000_CGAACTTA_merged_2500000_sub1.fastq,TLML_22_PJ_FU1_TCR-J_Dep_TCR-V_genomic_1000_CGAACTTA_merged_2500000_sub2.fastq", /mnt/work1/users/pughlab/projects/TLML/downsampling/dna/TLML_22_PJ_FU1_TCR-J_Dep_TCR-V_genomic_1000_CGAACTTA_merged_2500000.vdjca,83.37036,TLML22gDNA_F1,2084259,2500000,766829,753846,282922,12669,267894," 2.1.12,repseqio.v1.5",450
156902,185910,67271,51742,0,162,0,12,"TLML_22_PJ_FU2_TCR-J_Dep_TCR-V_genomic_1000_CGACTGGA_merged_2500000_sub1.fastq,TLML_22_PJ_FU2_TCR-J_Dep_TCR-V_genomic_1000_CGACTGGA_merged_2500000_sub2.fastq", /mnt/work1/users/pughlab/projects/TLML/downsampling/dna/TLML_22_PJ_FU2_TCR-J_Dep_TCR-V_genomic_1000_CGACTGGA_merged_2500000.vdjca,83.59668,TLML22gDNA_F2,2089917,2500000,766257,729533,279447,11011,303495," 2.1.12,repseqio.v1.5",537
164777,177352,69617,53169,0,202,0,0,"TLML_22_PJ_FU3_TCR-J_Dep_TCR-V_genomic_1000_CGCATACA_merged_2500000_sub1.fastq,TLML_22_PJ_FU3_TCR-J_Dep_TCR-V_genomic_1000_CGCATACA_merged_2500000_sub2.fastq", /mnt/work1/users/pughlab/projects/TLML/downsampling/dna/TLML_22_PJ_FU3_TCR-J_Dep_TCR-V_genomic_1000_CGCATACA_merged_2500000.vdjca,83.53016,TLML22gDNA_F3,2088254,2500000,770471,690391,292498,10837,323855," 2.1.12,repseqio.v1.5",615
165373,128287,54260,61633,0,127,19,0,"TLML_22_PJ_infusion_TCR-J_Dep_TCR-V_genomic_1000_CCGAAGTA_merged_2500000_sub1.fastq,TLML_22_PJ_infusion_TCR-J_Dep_TCR-V_genomic_1000_CCGAAGTA_merged_2500000_sub2.fastq", /mnt/work1/users/pughlab/projects/TLML/downsampling/dna/TLML_22_PJ_infusion_TCR-J_Dep_TCR-V_genomic_1000_CCGAAGTA_merged_2500000.vdjca,86.0832,TLML22gDNA_TIL,2152080,2500000,755135,627045,383183,843,385728," 2.1.12,repseqio.v1.5",851
1478,9077,5210,3770,0,20,0,0,"17_02_TLML-019-FT-4W_TCR-J_D_TCR-V_cDNA_88_TCTTCACA_merged_170000_sub1.fastq,17_02_TLML-019-FT-4W_TCR-J_D_TCR-V_cDNA_88_TCTTCACA_merged_170000_sub2.fastq", /mnt/work1/users/pughlab/projects/TLML/downsampling/cdna/17_02_TLML-019-FT-4W_TCR-J_D_TCR-V_cDNA_88_TCTTCACA_merged_170000.vdjca,90.72647059,TLML26cDNA_4W,154235,170000,50387,175,90182,3867,9604," 2.1.12,repseqio.v1.5",1199
1300,7934,4333,3602,0,2,0,5,"17_02_TLML-019-FT-BL_TCR-J_D_TCR-V_cDNA_31_TCCGTCTA_merged_170000_sub1.fastq,17_02_TLML-019-FT-BL_TCR-J_D_TCR-V_cDNA_31_TCCGTCTA_merged_170000_sub2.fastq", /mnt/work1/users/pughlab/projects/TLML/downsampling/cdna/17_02_TLML-019-FT-BL_TCR-J_D_TCR-V_cDNA_31_TCCGTCTA_merged_170000.vdjca,92.01941176,TLML26cDNA_BL,156433,170000,44864,125,107030,1284,3123," 2.1.12,repseqio.v1.5",9126
10936,46182,20504,5133,0,6,2,0,"17_02_TLML-019-FT-4W_TCR-J_D_TCR-V_cfDNA_48_AGCACCTC_merged_1000000_sub1.fastq,17_02_TLML-019-FT-4W_TCR-J_D_TCR-V_cfDNA_48_AGCACCTC_merged_1000000_sub2.fastq", /mnt/work1/users/pughlab/projects/TLML/downsampling/cfdna/17_02_TLML-019-FT-4W_TCR-J_D_TCR-V_cfDNA_48_AGCACCTC_merged_1000000.vdjca,92.2378,TLML26cfDNA_4W,922378,1000000,661805,52600,116342,25367,66256," 2.1.12,repseqio.v1.5",45
10740,46973,22021,5419,0,2,1,1,"17_02_TLML-019-FT-BL_TCR-J_D_TCR-V_cfDNA_66_AGATGTAC_merged_1000000_sub1.fastq,17_02_TLML-019-FT-BL_TCR-J_D_TCR-V_cfDNA_66_AGATGTAC_merged_1000000_sub2.fastq", /mnt/work1/users/pughlab/projects/TLML/downsampling/cfdna/17_02_TLML-019-FT-BL_TCR-J_D_TCR-V_cfDNA_66_AGATGTAC_merged_1000000.vdjca,92.0266,TLML26cfDNA_BL,920266,1000000,662925,53632,112307,25742,65656," 2.1.12,repseqio.v1.5",40
50510,106477,49796,49665,0,5,0,0,"TLML-026-FT_4W_B_DNA_S9_2500000_sub1.fastq,TLML-026-FT_4W_B_DNA_S9_2500000_sub2.fastq", /mnt/work1/users/pughlab/projects/TLML/downsampling/TLML-026-FT_4W_B_DNA_S9_2500000.vdjca,91.72868,TLML26gDNA_4W,2293217,2500000,411759,1643662,92102,10802,134866," 2.1.12,repseqio.v1.5",554
44884,115627,59028,44989,0,5,0,0,"TLML-026-FT_A_B_DNA_S4_2500000_sub1.fastq,TLML-026-FT_A_B_DNA_S4_2500000_sub2.fastq", /mnt/work1/users/pughlab/projects/TLML/downsampling/TLML-026-FT_A_B_DNA_S4_2500000.vdjca,91.21844,TLML26gDNA_BF,2280461,2500000,435718,1619124,90665,10549,124309," 2.1.12,repseqio.v1.5",502
34526,90914,40677,50012,0,0,0,0,"TLML-026-FT_BL_B_DNA_S11_2500000_sub1.fastq,TLML-026-FT_BL_B_DNA_S11_2500000_sub2.fastq", /mnt/work1/users/pughlab/projects/TLML/downsampling/TLML-026-FT_BL_B_DNA_S11_2500000.vdjca,93.35532,TLML26gDNA_BL,2333883,2500000,486336,1524058,124718,10380,188391," 2.1.12,repseqio.v1.5",1545
78695,101963,51136,60178,0,5,0,4,"TLML-026-FT_FU-01_B_DNA_S5_2500000_sub1.fastq,TLML-026-FT_FU-01_B_DNA_S5_2500000_sub2.fastq", /mnt/work1/users/pughlab/projects/TLML/downsampling/TLML-026-FT_FU-01_B_DNA_S5_2500000.vdjca,90.72824,TLML26gDNA_F1,2268206,2500000,436739,1582378,92460,10739,145880," 2.1.12,repseqio.v1.5",448
31224,120104,53526,43264,0,44,0,0,"TLML-026-FT_FU-02_B_DNA_S10_2500000_sub1.fastq,TLML-026-FT_FU-02_B_DNA_S10_2500000_sub2.fastq", /mnt/work1/users/pughlab/projects/TLML/downsampling/TLML-026-FT_FU-02_B_DNA_S10_2500000.vdjca,91.80584,TLML26gDNA_F2,2295146,2500000,418264,1689872,73972,12561,100433," 2.1.12,repseqio.v1.5",236
55341,81429,41896,57242,0,0,0,0,"TLML-026-FT_Infusion_L_DNA_S3_2500000_sub1.fastq,TLML-026-FT_Infusion_L_DNA_S3_2500000_sub2.fastq", /mnt/work1/users/pughlab/projects/TLML/downsampling/TLML-026-FT_Infusion_L_DNA_S3_2500000.vdjca,92.85336,TLML26gDNA_TIL,2321334,2500000,471076,1382095,175578,3541,288915," 2.1.12,repseqio.v1.5",857
26794,4108,25609,1895,0,1,0,0,"TLML_29_JC_4W_TCR-JV_cDNA_25_CGGATTGC_merged_170000_sub1.fastq,TLML_29_JC_4W_TCR-JV_cDNA_25_CGGATTGC_merged_170000_sub2.fastq", /mnt/work1/users/pughlab/projects/TLML/downsampling/cdna/TLML_29_JC_4W_TCR-JV_cDNA_25_CGGATTGC_merged_170000.vdjca,66.75823529,TLML29cDNA_4W,113489,170000,25846,5023,68395,8390,5832," 2.1.12,repseqio.v1.5",4741
31186,4877,26971,2061,0,1,0,0,"TLML_29_JC_baseline_TCR-JV_cDNA_18_CGACACAC_merged_170000_sub1.fastq,TLML_29_JC_baseline_TCR-JV_cDNA_18_CGACACAC_merged_170000_sub2.fastq", /mnt/work1/users/pughlab/projects/TLML/downsampling/cdna/TLML_29_JC_baseline_TCR-JV_cDNA_18_CGACACAC_merged_170000.vdjca,62.92117647,TLML29cDNA_BL,106966,170000,16402,2300,82351,2723,3189," 2.1.12,repseqio.v1.5",6171
28988,3312,17273,2825,0,1,0,0,"TLML_29_JC_infusion_TCR-JV_cDNA_13_CCTCTATC_merged_170000_sub1.fastq,TLML_29_JC_infusion_TCR-JV_cDNA_13_CCTCTATC_merged_170000_sub2.fastq", /mnt/work1/users/pughlab/projects/TLML/downsampling/cdna/TLML_29_JC_infusion_TCR-JV_cDNA_13_CCTCTATC_merged_170000.vdjca,70.83941176,TLML29cDNA_TIL,120427,170000,41280,6605,64021,4396,4124," 2.1.12,repseqio.v1.5",4448
8442,38146,15886,4105,0,5,0,0,"17_02_TLML-029-JC-4W_TCR-J_D_TCR-V_cfDNA_600_AGGCTAAC_merged_1000000_sub1.fastq,17_02_TLML-029-JC-4W_TCR-J_D_TCR-V_cfDNA_600_AGGCTAAC_merged_1000000_sub2.fastq", /mnt/work1/users/pughlab/projects/TLML/downsampling/cfdna/17_02_TLML-029-JC-4W_TCR-J_D_TCR-V_cfDNA_600_AGGCTAAC_merged_1000000.vdjca,93.7526,TLML29cfDNA_4W,937526,1000000,716692,13437,109846,26579,70967," 2.1.12,repseqio.v1.5",44
8730,50508,26713,5595,0,5,0,0,"17_02_TLML-029-JC-BL_TCR-J_D_TCR-V_cfDNA_138_AGCCATGC_merged_1000000_sub1.fastq,17_02_TLML-029-JC-BL_TCR-J_D_TCR-V_cfDNA_138_AGCCATGC_merged_1000000_sub2.fastq", /mnt/work1/users/pughlab/projects/TLML/downsampling/cfdna/17_02_TLML-029-JC-BL_TCR-J_D_TCR-V_cfDNA_138_AGCCATGC_merged_1000000.vdjca,91.4049,TLML29cfDNA_BL,914049,1000000,698610,12981,107888,25554,69011," 2.1.12,repseqio.v1.5",25
152692,209119,75820,47967,0,68,51,0,"TLML_29_JC_4W_TCR-J_Dep_TCR-V_genomic_1000_CTGGCATA_merged_2500000_sub1.fastq,TLML_29_JC_4W_TCR-J_Dep_TCR-V_genomic_1000_CTGGCATA_merged_2500000_sub2.fastq", /mnt/work1/users/pughlab/projects/TLML/downsampling/dna/TLML_29_JC_4W_TCR-J_Dep_TCR-V_genomic_1000_CTGGCATA_merged_2500000.vdjca,82.49476,TLML29gDNA_4W,2062369,2500000,780965,737327,261312,32332,250313," 2.1.12,repseqio.v1.5",661
148029,215635,78643,44178,0,107,0,0,"TLML_29_JC_baseline_TCR-J_Dep_TCR-V_genomic_1000_CTGAGCCA_merged_2500000_sub1.fastq,TLML_29_JC_baseline_TCR-J_Dep_TCR-V_genomic_1000_CTGAGCCA_merged_2500000_sub2.fastq", /mnt/work1/users/pughlab/projects/TLML/downsampling/dna/TLML_29_JC_baseline_TCR-J_Dep_TCR-V_genomic_1000_CTGAGCCA_merged_2500000.vdjca,82.30772,TLML29gDNA_BL,2057693,2500000,778423,823115,242706,22688,190654," 2.1.12,repseqio.v1.5",689
148505,142934,55414,65206,0,133,0,0,"TLML_29_JC_infusion_TCR-J_Dep_TCR-V_genomic_1000_CTCAATGA_merged_2500000_sub1.fastq,TLML_29_JC_infusion_TCR-J_Dep_TCR-V_genomic_1000_CTCAATGA_merged_2500000_sub2.fastq", /mnt/work1/users/pughlab/projects/TLML/downsampling/dna/TLML_29_JC_infusion_TCR-J_Dep_TCR-V_genomic_1000_CTCAATGA_merged_2500000.vdjca,86.12588,TLML29gDNA_TIL,2153147,2500000,774659,639402,326595,24498,387860," 2.1.12,repseqio.v1.5",1439
27657,3753,22697,2855,0,1,0,0,"TLML_4_JR_4W_TCR-JV_cDNA_32_GTGTTCTA_merged_170000_sub1.fastq,TLML_4_JR_4W_TCR-JV_cDNA_32_GTGTTCTA_merged_170000_sub2.fastq", /mnt/work1/users/pughlab/projects/TLML/downsampling/cdna/TLML_4_JR_4W_TCR-JV_cDNA_32_GTGTTCTA_merged_170000.vdjca,68.17235294,TLML4cDNA_4W,115893,170000,28713,3811,79562,74,3732," 2.1.12,repseqio.v1.5",2633
27770,4554,22764,2973,0,14,2,0,"TLML_4_JR_baseline2_TCR-JV_cDNA_42_GTCTGTCA_merged_170000_sub1.fastq,TLML_4_JR_baseline2_TCR-JV_cDNA_42_GTCTGTCA_merged_170000_sub2.fastq", /mnt/work1/users/pughlab/projects/TLML/downsampling/cdna/TLML_4_JR_baseline2_TCR-JV_cDNA_42_GTCTGTCA_merged_170000.vdjca,67.59529412,TLML4cDNA_BL,114912,170000,14510,2302,93961,2060,2063," 2.1.12,repseqio.v1.5",7136
23873,4943,20036,2837,0,4,0,0,"TLML_4_JR_FU1_TCR-JV_cDNA_15_TAGGATGA_merged_170000_sub1.fastq,TLML_4_JR_FU1_TCR-JV_cDNA_15_TAGGATGA_merged_170000_sub2.fastq", /mnt/work1/users/pughlab/projects/TLML/downsampling/cdna/TLML_4_JR_FU1_TCR-JV_cDNA_15_TAGGATGA_merged_170000.vdjca,71.26352941,TLML4cDNA_F1,121148,170000,23675,2728,81261,1775,11705," 2.1.12,repseqio.v1.5",1589
28516,3677,17376,2994,0,3,0,0,"TLML_4_JR_infusion_TCR-JV_cDNA_13_GTCGTAGA_merged_170000_sub1.fastq,TLML_4_JR_infusion_TCR-JV_cDNA_13_GTCGTAGA_merged_170000_sub2.fastq", /mnt/work1/users/pughlab/projects/TLML/downsampling/cdna/TLML_4_JR_infusion_TCR-JV_cDNA_13_GTCGTAGA_merged_170000.vdjca,70.84176471,TLML4cDNA_TIL,120431,170000,41715,6179,69694,262,2578," 2.1.12,repseqio.v1.5",5641
13601,40365,18267,6296,0,5,0,0,"17_02_TLML-004-JR-4W_TCR-J_D_TCR-V_cfDNA_150_AACTCACC_merged_1000000_sub1.fastq,17_02_TLML-004-JR-4W_TCR-J_D_TCR-V_cfDNA_150_AACTCACC_merged_1000000_sub2.fastq", /mnt/work1/users/pughlab/projects/TLML/downsampling/cfdna/17_02_TLML-004-JR-4W_TCR-J_D_TCR-V_cfDNA_150_AACTCACC_merged_1000000.vdjca,92.7767,TLML4cfDNA_4W,927767,1000000,629280,88125,113719,22105,74533," 2.1.12,repseqio.v1.5",189
10601,36320,14792,5017,0,3,0,1,"17_02_TLML-004-JR-BL_TCR-J_D_TCR-V_cfDNA_150_TTCACGCA_merged_1000000_sub1.fastq,17_02_TLML-004-JR-BL_TCR-J_D_TCR-V_cfDNA_150_TTCACGCA_merged_1000000_sub2.fastq", /mnt/work1/users/pughlab/projects/TLML/downsampling/cfdna/17_02_TLML-004-JR-BL_TCR-J_D_TCR-V_cfDNA_150_TTCACGCA_merged_1000000.vdjca,93.8287,TLML4cfDNA_BL,938287,1000000,651164,84497,114922,27377,60323," 2.1.12,repseqio.v1.5",21
154986,178563,68754,55273,0,122,21,0,"TLML_4_JR_4W_TCR-J_Dep_TCR-V_genomic_1000_AACCGAGA_merged_2500000_sub1.fastq,TLML_4_JR_4W_TCR-J_Dep_TCR-V_genomic_1000_AACCGAGA_merged_2500000_sub2.fastq", /mnt/work1/users/pughlab/projects/TLML/downsampling/dna/TLML_4_JR_4W_TCR-J_Dep_TCR-V_genomic_1000_AACCGAGA_merged_2500000.vdjca,83.90788,TLML4gDNA_4W,2097697,2500000,802818,734784,283330,12299,264323," 2.1.12,repseqio.v1.5",592
156264,218490,85828,44666,0,90,22,0,"TLML_4_JR_baseline2_TCR-J_Dep_TCR-V_genomic_1000_AACAACCA_merged_2500000_sub1.fastq,TLML_4_JR_baseline2_TCR-J_Dep_TCR-V_genomic_1000_AACAACCA_merged_2500000_sub2.fastq", /mnt/work1/users/pughlab/projects/TLML/downsampling/dna/TLML_4_JR_baseline2_TCR-J_Dep_TCR-V_genomic_1000_AACAACCA_merged_2500000.vdjca,81.57672,TLML4gDNA_BL,2039418,2500000,734875,876174,241327,20663,166267," 2.1.12,repseqio.v1.5",734
140540,160997,57363,61044,0,141,21,0,"TLML_4_JR_FU1_TCR-J_Dep_TCR-V_genomic_1000_AACGCTTA_merged_2500000_sub1.fastq,TLML_4_JR_FU1_TCR-J_Dep_TCR-V_genomic_1000_AACGCTTA_merged_2500000_sub2.fastq", /mnt/work1/users/pughlab/projects/TLML/downsampling/dna/TLML_4_JR_FU1_TCR-J_Dep_TCR-V_genomic_1000_AACGCTTA_merged_2500000.vdjca,85.644,TLML4gDNA_F1,2141100,2500000,854172,657872,320920,9546,298427," 2.1.12,repseqio.v1.5",455
159908,126333,48925,66168,0,68,58,21,"TLML_4_JR_infusion_TCR-J_Dep_TCR-V_genomic_1000_AGTACAAG_merged_2500000_sub1.fastq,TLML_4_JR_infusion_TCR-J_Dep_TCR-V_genomic_1000_AGTACAAG_merged_2500000_sub2.fastq", /mnt/work1/users/pughlab/projects/TLML/downsampling/dna/TLML_4_JR_infusion_TCR-J_Dep_TCR-V_genomic_1000_AGTACAAG_merged_2500000.vdjca,86.59336,TLML4gDNA_TIL,2164834,2500000,829506,585023,349016,1699,399443," 2.1.12,repseqio.v1.5",1806
27257,3931,24340,2651,0,5,1,1,"TLML_7_AL_12W_TCR-JV_cDNA_35_TGAAGAGA_merged_170000_sub1.fastq,TLML_7_AL_12W_TCR-JV_cDNA_35_TGAAGAGA_merged_170000_sub2.fastq", /mnt/work1/users/pughlab/projects/TLML/downsampling/cdna/TLML_7_AL_12W_TCR-JV_cDNA_35_TGAAGAGA_merged_170000.vdjca,67.33647059,TLML7cDNA_12W,114472,170000,25813,4170,75491,3575,5416," 2.1.12,repseqio.v1.5",6871
25584,4018,22321,2757,0,2,0,0,"TLML_7_AL_4W_TCR-JV_cDNA_37_TCTTCACA_merged_170000_sub1.fastq,TLML_7_AL_4W_TCR-JV_cDNA_37_TCTTCACA_merged_170000_sub2.fastq", /mnt/work1/users/pughlab/projects/TLML/downsampling/cdna/TLML_7_AL_4W_TCR-JV_cDNA_37_TCTTCACA_merged_170000.vdjca,69.45705882,TLML7cDNA_4W,118077,170000,29337,4995,75554,1611,6578," 2.1.12,repseqio.v1.5",9225
24323,4705,20647,2678,0,6,0,0,"TLML_7_AL_apheresis_TCR-JV_cDNA_21_TCCGTCTA_merged_170000_sub1.fastq,TLML_7_AL_apheresis_TCR-JV_cDNA_21_TCCGTCTA_merged_170000_sub2.fastq", /mnt/work1/users/pughlab/projects/TLML/downsampling/cdna/TLML_7_AL_apheresis_TCR-JV_cDNA_21_TCCGTCTA_merged_170000.vdjca,70.77941176,TLML7cDNA_BL,120325,170000,26463,4525,80477,3701,5153," 2.1.12,repseqio.v1.5",18286
24526,4025,19623,2444,0,2,0,0,"TLML_7_AL_infusion_TCR-JV_cDNA_25_TATCAGCA_merged_170000_sub1.fastq,TLML_7_AL_infusion_TCR-JV_cDNA_25_TATCAGCA_merged_170000_sub2.fastq", /mnt/work1/users/pughlab/projects/TLML/downsampling/cdna/TLML_7_AL_infusion_TCR-JV_cDNA_25_TATCAGCA_merged_170000.vdjca,71.66235294,TLML7cDNA_TIL,121826,170000,29284,5173,80946,1326,5095," 2.1.12,repseqio.v1.5",13405
159076,212480,79176,50283,0,182,0,0,"TLML_7_AL_12W_TCR-J_Dep_TCR-V_genomic_1000_ACAGCAGA_merged_2500000_sub1.fastq,TLML_7_AL_12W_TCR-J_Dep_TCR-V_genomic_1000_ACAGCAGA_merged_2500000_sub2.fastq", /mnt/work1/users/pughlab/projects/TLML/downsampling/dna/TLML_7_AL_12W_TCR-J_Dep_TCR-V_genomic_1000_ACAGCAGA_merged_2500000.vdjca,81.97072,TLML7gDNA_12W,2049268,2500000,771045,793157,248785,21542,214555," 2.1.12,repseqio.v1.5",915
161177,240579,91325,40759,0,139,10,0,"TLML_7_AL_17W_TCR-J_Dep_TCR-V_genomic_1000_ACCTCCAA_merged_2500000_sub1.fastq,TLML_7_AL_17W_TCR-J_Dep_TCR-V_genomic_1000_ACCTCCAA_merged_2500000_sub2.fastq", /mnt/work1/users/pughlab/projects/TLML/downsampling/dna/TLML_7_AL_17W_TCR-J_Dep_TCR-V_genomic_1000_ACCTCCAA_merged_2500000.vdjca,80.27676,TLML7gDNA_17W,2006919,2500000,733887,922124,215166,22760,112833," 2.1.12,repseqio.v1.5",51
152223,176868,64333,60113,0,101,80,15,"TLML_7_AL_4W_TCR-J_Dep_TCR-V_genomic_1000_ACACAGAA_merged_2500000_sub1.fastq,TLML_7_AL_4W_TCR-J_Dep_TCR-V_genomic_1000_ACACAGAA_merged_2500000_sub2.fastq", /mnt/work1/users/pughlab/projects/TLML/downsampling/dna/TLML_7_AL_4W_TCR-J_Dep_TCR-V_genomic_1000_ACACAGAA_merged_2500000.vdjca,84.26304,TLML7gDNA_4W,2106576,2500000,785742,726584,291653,19715,282683," 2.1.12,repseqio.v1.5",1327
144656,179160,65988,51699,0,130,17,0,"TLML_7_AL_apheresis_TCR-J_Dep_TCR-V_genomic_1000_AAGGTACA_merged_2500000_sub1.fastq,TLML_7_AL_apheresis_TCR-J_Dep_TCR-V_genomic_1000_AAGGTACA_merged_2500000_sub2.fastq", /mnt/work1/users/pughlab/projects/TLML/downsampling/dna/TLML_7_AL_apheresis_TCR-J_Dep_TCR-V_genomic_1000_AAGGTACA_merged_2500000.vdjca,84.40784,TLML7gDNA_BL,2110196,2500000,830547,722745,278774,18506,259477," 2.1.12,repseqio.v1.5",1891
144329,126411,39182,66624,0,55,41,0,"TLML_7_AL_infusion_TCR-J_Dep_TCR-V_genomic_1000_AAGACGGA_merged_2500000_sub1.fastq,TLML_7_AL_infusion_TCR-J_Dep_TCR-V_genomic_1000_AAGACGGA_merged_2500000_sub2.fastq", /mnt/work1/users/pughlab/projects/TLML/downsampling/dna/TLML_7_AL_infusion_TCR-J_Dep_TCR-V_genomic_1000_AAGACGGA_merged_2500000.vdjca,87.60312,TLML7gDNA_TIL,2190078,2500000,829682,554953,367787,6766,430794," 2.1.12,repseqio.v1.5",1228